date,max_score,min_speed,n_posts,first_hour,reported
2025-01-01,,,0,,0
2025-01-02,,,0,,0
2025-01-03,,,0,,0
2025-01-04,,,0,,0
2025-01-05,,,0,,0
2025-01-06,,,0,,0
2025-01-07,,,0,,0
2025-01-08,,,0,,0
2025-01-09,,,0,,0
2025-01-10,,,0,,0
2025-01-11,,,0,,0
2025-01-12,,,0,,0
2025-01-13,,,0,,0
2025-01-14,,,0,,0
2025-01-15,5.0,,1,9.0,1
2025-01-16,,,0,,0
2025-01-17,6.0,,1,18.0,1
2025-01-18,,,0,,0
2025-01-19,,,0,,0
2025-01-20,,,0,,0
2025-01-21,,,0,,0
2025-01-22,,,0,,0
2025-01-23,,,0,,0
2025-01-24,,,0,,0
2025-01-25,,,0,,0
2025-01-26,,,0,,0
2025-01-27,,,0,,0
2025-01-28,,,0,,0
2025-01-29,,,0,,0
2025-01-30,,,0,,0
2025-01-31,,,0,,0
2025-02-01,,,0,,0
2025-02-02,,,0,,0
2025-02-03,,,0,,0
2025-02-04,,,0,,0
2025-02-05,,,0,,0
2025-02-06,,,0,,0
2025-02-07,,,0,,0
2025-02-08,,,0,,0
2025-02-09,,,0,,0
2025-02-10,,,0,,0
2025-02-11,,,0,,0
2025-02-12,,,0,,0
2025-02-13,,,0,,0
2025-02-14,6.0,24.0,1,18.0,1
2025-02-15,,,0,,0
2025-02-16,,,0,,0
2025-02-17,,,0,,0
2025-02-18,,,0,,0
2025-02-19,7.0,27.0,2,17.0,1
2025-02-20,4.0,,1,14.0,1
2025-02-21,6.0,25.0,2,14.0,1
2025-02-22,,,0,,0
2025-02-23,,,0,,0
2025-02-24,,,0,,0
2025-02-25,,,0,,0
2025-02-26,,,0,,0
2025-02-27,,33.0,1,16.0,1
2025-02-28,4.0,,1,15.0,1
2025-03-01,,,0,,0
2025-03-02,,,0,,0
2025-03-03,,35.0,1,17.0,1
2025-03-04,5.0,28.0,1,9.0,1
2025-03-05,4.0,,1,12.0,1
2025-03-06,7.0,26.0,5,12.0,1
2025-03-07,7.0,25.0,3,13.0,1
2025-03-08,,,0,,0
2025-03-09,,,0,,0
2025-03-10,,,0,,0
2025-03-11,,,0,,0
2025-03-12,,,0,,0
2025-03-13,4.0,,1,15.0,1
2025-03-14,3.0,,1,14.0,1
2025-03-15,,,0,,0
2025-03-16,,,0,,0
2025-03-17,6.0,25.0,1,8.0,1
2025-03-18,4.0,,1,13.0,1
2025-03-19,,,0,,0
2025-03-20,,,0,,0
2025-03-21,3.0,,1,14.0,1
2025-03-22,,,0,,0
2025-03-23,,,0,,0
2025-03-24,,,0,,0
2025-03-25,6.0,23.0,2,14.0,1
2025-03-26,6.0,27.0,2,14.0,1
2025-03-27,,,0,,0
2025-03-28,3.0,,1,14.0,1
2025-03-29,,,0,,0
2025-03-30,,,0,,0
2025-03-31,,,0,,0
2025-04-01,7.0,22.0,3,9.0,1
2025-04-02,,,0,,0
2025-04-03,4.0,,1,14.0,1
2025-04-04,6.0,25.0,2,15.0,1
2025-04-05,,,0,,0
2025-04-06,,,0,,0
2025-04-07,,,0,,0
2025-04-08,3.0,,1,17.0,1
2025-04-09,,,0,,0
2025-04-10,,,0,,0
2025-04-11,2.0,,1,14.0,1
2025-04-12,,,0,,0
2025-04-13,,,0,,0
2025-04-14,,,0,,0
2025-04-15,6.0,24.0,1,19.0,1
2025-04-16,8.0,23.0,5,15.0,1
2025-04-17,,,0,,0
2025-04-18,6.0,25.0,2,14.0,1
2025-04-19,,,0,,0
2025-04-20,,,0,,0
2025-04-21,7.0,28.0,3,10.0,1
2025-04-22,5.0,,1,11.0,1
2025-04-23,4.0,32.0,1,14.0,1
2025-04-24,6.0,25.0,2,14.0,1
2025-04-25,5.0,,1,14.0,1
2025-04-26,,,0,,0
2025-04-27,,,0,,0
2025-04-28,,,0,,0
2025-04-29,7.0,26.0,2,13.0,1
2025-04-30,7.0,25.0,2,14.0,1
2025-05-01,,,0,,0
2025-05-02,,,0,,0
2025-05-03,,,0,,0
2025-05-04,,,0,,0
2025-05-05,,,0,,0
2025-05-06,,,0,,0
2025-05-07,4.0,,1,14.0,1
2025-05-08,,,0,,0
2025-05-09,,,0,,0
2025-05-10,,,0,,0
2025-05-11,,,0,,0
2025-05-12,,,0,,0
2025-05-13,7.0,22.0,1,19.0,1
2025-05-14,7.0,25.0,2,17.0,1
2025-05-15,,,0,,0
2025-05-16,4.0,,1,14.0,1
2025-05-17,,,0,,0
2025-05-18,,,0,,0
2025-05-19,,,0,,0
2025-05-20,6.0,26.0,3,9.0,1
2025-05-21,4.0,,1,12.0,1
2025-05-22,,,0,,0
2025-05-23,4.0,,1,14.0,1
2025-05-24,,,0,,0
2025-05-25,,,0,,0
2025-05-26,,,0,,0
2025-05-27,7.0,29.0,2,16.0,1
2025-05-28,7.0,28.0,3,12.0,1
2025-05-29,6.0,24.0,1,19.0,1
2025-05-30,4.0,,1,14.0,1
2025-05-31,,,0,,0
2025-06-01,,,0,,0
2025-06-02,,,0,,0
2025-06-03,,,0,,0
2025-06-04,,,0,,0
2025-06-05,,,0,,0
2025-06-06,4.0,,1,14.0,1
2025-06-07,,,0,,0
2025-06-08,,,0,,0
2025-06-09,,,0,,0
2025-06-10,,,0,,0
2025-06-11,7.0,27.0,2,15.0,1
2025-06-12,,,0,,0
2025-06-13,,,0,,0
2025-06-14,,,0,,0
2025-06-15,,,0,,0
2025-06-16,,,0,,0
2025-06-17,5.0,,1,16.0,1
2025-06-18,,,0,,0
2025-06-19,,,0,,0
2025-06-20,5.0,,1,15.0,1
2025-06-21,,,0,,0
2025-06-22,,,0,,0
2025-06-23,,,0,,0
2025-06-24,,,0,,0
2025-06-25,3.0,,1,14.0,1
2025-06-26,4.0,,1,16.0,1
2025-06-27,5.0,,1,15.0,1
2025-06-28,,,0,,0
2025-06-29,,,0,,0
2025-06-30,4.0,,1,16.0,1
2025-07-01,4.0,,1,13.0,1
2025-07-02,,,0,,0
2025-07-03,4.0,,1,13.0,1
2025-07-04,4.0,,1,14.0,1
2025-07-05,,,0,,0
2025-07-06,,,0,,0
2025-07-07,,,0,,0
2025-07-08,,,0,,0
2025-07-09,,,0,,0
2025-07-10,,,0,,0
2025-07-11,3.0,,1,15.0,1
2025-07-12,3.0,,1,19.0,1
2025-07-13,,,0,,0
2025-07-14,4.0,,1,19.0,1
2025-07-15,5.0,,3,12.0,1
2025-07-16,6.0,32.0,1,18.0,1
2025-07-17,,,0,,0
2025-07-18,3.0,,1,14.0,1
2025-07-19,,,0,,0
2025-07-20,,,0,,0
2025-07-21,5.0,42.0,4,10.0,1
2025-07-22,6.0,32.0,4,14.0,1
2025-07-23,4.0,,1,14.0,1
2025-07-24,6.0,38.0,3,12.0,1
2025-07-25,4.0,,1,14.0,1
2025-07-26,,,0,,0
2025-07-27,,,0,,0
2025-07-28,,,0,,0
2025-07-29,,,0,,0
2025-07-30,,,0,,0
2025-07-31,4.0,,1,14.0,1
2025-08-01,4.0,,2,8.0,1
2025-08-02,,,0,,0
2025-08-03,,,0,,0
2025-08-04,6.0,32.0,2,14.0,1
2025-08-05,3.0,52.0,1,15.0,1
2025-08-06,3.0,,1,14.0,1
2025-08-07,6.0,36.0,2,12.0,1
2025-08-08,3.0,,1,14.0,1
2025-08-09,,,0,,0
2025-08-10,,,0,,0
2025-08-11,3.0,,1,14.0,1
2025-08-12,4.0,,1,14.0,1
2025-08-13,,,0,,0
2025-08-14,5.0,36.0,1,19.0,1
2025-08-15,4.0,,1,14.0,1
2025-08-16,,,0,,0
2025-08-17,,,0,,0
2025-08-18,,,0,,0
2025-08-19,,,0,,0
2025-08-20,4.0,,1,12.0,1
2025-08-21,4.0,,1,9.0,1
2025-08-22,4.0,,1,14.0,1
2025-08-23,,,0,,0
2025-08-24,,,0,,0
2025-08-25,3.0,,1,15.0,1
2025-08-26,,,0,,0
2025-08-27,7.0,28.0,1,19.0,1
2025-08-28,7.0,29.0,2,14.0,1
2025-08-29,5.0,,1,14.0,1
2025-08-30,,,0,,0
2025-08-31,,,0,,0
2025-09-01,,,0,,0
2025-09-02,7.0,26.0,1,19.0,1
2025-09-03,,,0,,0
2025-09-04,,,0,,0
2025-09-05,6.0,29.0,2,14.0,1
2025-09-06,,,0,,0
2025-09-07,,,0,,0
2025-09-08,,,0,,0
2025-09-09,,,0,,0
2025-09-10,7.0,30.0,2,19.0,1
2025-09-11,,,0,,0
2025-09-12,7.0,28.0,2,15.0,1
2025-09-13,,,0,,0
2025-09-14,,,0,,0
2025-09-15,,,0,,0
2025-09-16,,,0,,0
2025-09-17,,,0,,0
2025-09-18,,,0,,0
2025-09-19,7.0,27.0,2,14.0,1
2025-09-20,,,0,,0
2025-09-21,,,0,,0
2025-09-22,,,0,,0
2025-09-23,7.0,27.0,2,15.0,1
2025-09-24,7.0,32.0,2,14.0,1
2025-09-25,8.0,26.0,3,14.0,1
2025-09-26,4.0,,1,15.0,1
2025-09-27,,,0,,0
2025-09-28,,,0,,0
2025-09-29,,,0,,0
2025-09-30,7.0,28.0,1,18.0,1
2025-10-01,,,0,,0
2025-10-02,,,0,,0
2025-10-03,3.0,,1,14.0,1
2025-10-04,,,0,,0
2025-10-05,,,0,,0
2025-10-06,3.0,,1,14.0,1
2025-10-07,7.0,29.0,2,14.0,1
2025-10-08,,,0,,0
2025-10-09,6.0,26.0,1,19.0,1
2025-10-10,7.0,25.0,3,14.0,1
2025-10-11,,,0,,0
2025-10-12,,,0,,0
2025-10-13,7.0,24.0,2,14.0,1
2025-10-14,7.0,28.0,2,18.0,1
2025-10-15,7.0,27.0,5,14.0,1
2025-10-16,7.0,25.0,1,19.0,1
2025-10-17,7.0,30.0,2,14.0,1
2025-10-18,,,0,,0
2025-10-19,,,0,,0
2025-10-20,,,0,,0
2025-10-21,,,0,,0
2025-10-22,,,0,,0
2025-10-23,6.0,24.0,1,18.0,1
2025-10-24,4.0,,1,14.0,1
2025-10-25,,,0,,0
2025-10-26,,,0,,0
2025-10-27,,,0,,0
2025-10-28,,,0,,0
2025-10-29,7.0,25.0,3,15.0,1
2025-10-30,7.0,29.0,2,19.0,1
2025-10-31,7.0,26.0,3,11.0,1
2025-11-01,7.0,25.0,2,14.0,1
2025-11-02,,,0,,0
2025-11-03,,,0,,0
2025-11-04,,,0,,0
2025-11-05,,,0,,0
2025-11-06,7.0,29.0,1,18.0,1
2025-11-07,7.0,24.0,3,14.0,1
2025-11-08,,,0,,0
2025-11-09,,,0,,0
2025-11-10,7.0,29.0,1,18.0,1
2025-11-11,7.0,28.0,2,18.0,1
2025-11-12,7.0,25.0,5,13.0,1
2025-11-13,7.0,29.0,2,14.0,1
2025-11-14,7.0,24.0,2,14.0,1
2025-11-15,,,0,,0
2025-11-16,,,0,,0
2025-11-17,7.0,27.0,4,13.0,1
2025-11-18,7.0,24.0,8,10.0,1
2025-11-19,7.0,29.0,4,8.0,1
2025-11-20,7.0,29.0,1,17.0,1
2025-11-21,7.0,26.0,3,9.0,1
2025-11-22,,,0,,0
2025-11-23,,,0,,0
2025-11-24,6.0,31.0,2,8.0,1
2025-11-25,7.0,27.0,1,18.0,1
2025-11-26,8.0,23.0,5,8.0,1
2025-11-27,7.0,28.0,3,9.0,1
2025-11-28,7.0,23.0,5,12.0,1
2025-11-29,,,0,,0
2025-11-30,,,0,,0
2025-12-01,3.0,,2,8.0,1
2025-12-02,8.0,28.0,8,10.0,1
2025-12-03,7.0,28.0,3,10.0,1
2025-12-04,7.0,29.0,2,9.0,1
2025-12-05,7.0,27.0,2,13.0,1
2025-12-06,,,0,,0
2025-12-07,,,0,,0
2025-12-08,7.0,28.0,3,13.0,1
2025-12-09,,,0,,0
2025-12-10,7.0,25.0,4,8.0,1
2025-12-11,9.0,23.0,9,8.0,1
2025-12-12,7.0,25.0,10,8.0,1
2025-12-13,,,0,,0
2025-12-14,,,0,,0
2025-12-15,6.0,24.0,1,18.0,1
2025-12-16,7.0,26.0,4,11.0,1
2025-12-17,8.0,26.0,7,8.0,1
2025-12-18,8.0,27.0,5,14.0,1
2025-12-19,7.0,27.0,8,8.0,1
2025-12-20,4.0,,1,13.0,1
2025-12-21,,,0,,0
2025-12-22,6.0,27.0,2,17.0,1
2025-12-23,7.0,25.0,4,9.0,1
2025-12-24,8.0,24.0,10,10.0,1
2025-12-25,7.0,24.0,9,9.0,1
2025-12-26,7.0,27.0,3,12.0,1
2025-12-27,,,0,,0
2025-12-28,,,0,,0
2025-12-29,7.0,24.0,6,13.0,1
2025-12-30,7.0,28.0,5,10.0,1
2025-12-31,,,0,,0
