date;score;norm;reported;n_posts;source_url
2025-01-01;4.0;4.0;0;0;
2025-01-02;4.0;4.0;0;0;
2025-01-03;4.0;4.0;0;0;
2025-01-04;4.0;4.0;0;0;
2025-01-05;4.0;4.0;0;0;
2025-01-06;4.0;4.0;0;0;
2025-01-07;4.0;4.0;0;0;
2025-01-08;4.0;4.0;0;0;
2025-01-09;4.0;4.0;0;0;
2025-01-10;4.0;4.0;0;0;
2025-01-11;4.0;4.0;0;0;
2025-01-12;4.0;4.0;0;0;
2025-01-13;4.0;4.0;0;0;
2025-01-14;4.0;4.0;0;0;
2025-01-15;5.0;4.0;1;1;https://t.me/DtOperativno/19976
2025-01-16;4.0;4.067;0;0;
2025-01-17;6.0;4.062;1;1;https://t.me/DtOperativno/20005
2025-01-18;4.0;4.176;0;0;
2025-01-19;4.0;4.167;0;0;
2025-01-20;4.0;4.158;0;0;
2025-01-21;4.0;4.15;0;0;
2025-01-22;4.0;4.143;0;0;
2025-01-23;4.0;4.143;0;0;
2025-01-24;4.0;4.143;0;0;
2025-01-25;4.0;4.143;0;0;
2025-01-26;4.0;4.143;0;0;
2025-01-27;4.0;4.143;0;0;
2025-01-28;4.0;4.143;0;0;
2025-01-29;4.0;4.143;0;0;
2025-01-30;4.0;4.143;0;0;
2025-01-31;4.0;4.143;0;0;
2025-02-01;4.0;4.143;0;0;
2025-02-02;4.0;4.143;0;0;
2025-02-03;4.0;4.143;0;0;
2025-02-04;4.0;4.143;0;0;
2025-02-05;4.0;4.143;0;0;
2025-02-06;4.0;4.095;0;0;
2025-02-07;4.0;4.095;0;0;
2025-02-08;4.0;4.0;0;0;
2025-02-09;4.0;4.0;0;0;
2025-02-10;4.0;4.0;0;0;
2025-02-11;4.0;4.0;0;0;
2025-02-12;4.0;4.0;0;0;
2025-02-13;4.0;4.0;0;0;
2025-02-14;6.0;4.0;1;1;https://t.me/DtOperativno/20178
2025-02-15;4.0;4.095;0;0;
2025-02-16;4.0;4.095;0;0;
2025-02-17;4.0;4.095;0;0;
2025-02-18;4.0;4.095;0;0;
2025-02-19;7.0;4.095;1;2;https://t.me/DtOperativno/20217
2025-02-20;4.0;4.238;1;1;https://t.me/DtOperativno/20229
2025-02-21;6.0;4.238;1;2;https://t.me/DtOperativno/20243
2025-02-22;4.0;4.333;0;0;
2025-02-23;4.0;4.333;0;0;
2025-02-24;4.0;4.333;0;0;
2025-02-25;4.0;4.333;0;0;
2025-02-26;4.0;4.333;0;0;
2025-02-27;4.0;4.333;1;1;https://t.me/DtOperativno/20305
2025-02-28;4.0;4.333;1;1;https://t.me/DtOperativno/20315
2025-03-01;4.0;4.333;0;0;
2025-03-02;4.0;4.333;0;0;
2025-03-03;4.0;4.333;1;1;https://t.me/DtOperativno/20343
2025-03-04;5.0;4.333;1;1;https://t.me/DtOperativno/20347
2025-03-05;4.0;4.381;1;1;https://t.me/DtOperativno/20358
2025-03-06;7.0;4.381;1;5;https://t.me/DtOperativno/20376
2025-03-07;7.0;4.524;1;3;https://t.me/DtOperativno/20398
2025-03-08;4.0;4.571;0;0;
2025-03-09;4.0;4.571;0;0;
2025-03-10;4.0;4.571;0;0;
2025-03-11;4.0;4.571;0;0;
2025-03-12;4.0;4.571;0;0;
2025-03-13;4.0;4.429;1;1;https://t.me/DtOperativno/20447
2025-03-14;3.0;4.429;1;1;https://t.me/DtOperativno/20457
2025-03-15;4.0;4.286;0;0;
2025-03-16;4.0;4.286;0;0;
2025-03-17;6.0;4.286;1;1;https://t.me/DtOperativno/20483
2025-03-18;4.0;4.381;1;1;https://t.me/DtOperativno/20497
2025-03-19;4.0;4.381;0;0;
2025-03-20;4.0;4.381;0;0;
2025-03-21;3.0;4.381;1;1;https://t.me/DtOperativno/20525
2025-03-22;4.0;4.333;0;0;
2025-03-23;4.0;4.333;0;0;
2025-03-24;4.0;4.333;0;0;
2025-03-25;6.0;4.333;1;2;https://t.me/DtOperativno/20572
2025-03-26;6.0;4.381;1;2;https://t.me/DtOperativno/20578
2025-03-27;4.0;4.476;0;0;
2025-03-28;3.0;4.333;1;1;https://t.me/DtOperativno/20603
2025-03-29;4.0;4.143;0;0;
2025-03-30;4.0;4.143;0;0;
2025-03-31;4.0;4.143;0;0;
2025-04-01;7.0;4.143;1;3;https://t.me/DtOperativno/20646
2025-04-02;4.0;4.286;0;0;
2025-04-03;4.0;4.286;1;1;https://t.me/DtOperativno/20651
2025-04-04;6.0;4.286;1;2;https://t.me/DtOperativno/20665
2025-04-05;4.0;4.429;0;0;
2025-04-06;4.0;4.429;0;0;
2025-04-07;4.0;4.429;0;0;
2025-04-08;3.0;4.333;1;1;https://t.me/DtOperativno/20716
2025-04-09;4.0;4.286;0;0;
2025-04-10;4.0;4.286;0;0;
2025-04-11;2.0;4.286;1;1;https://t.me/DtOperativno/20735
2025-04-12;4.0;4.238;0;0;
2025-04-13;4.0;4.238;0;0;
2025-04-14;4.0;4.238;0;0;
2025-04-15;6.0;4.238;1;1;https://t.me/DtOperativno/20786
2025-04-16;8.0;4.238;1;5;https://t.me/DtOperativno/20800
2025-04-17;4.0;4.333;0;0;
2025-04-18;6.0;4.333;1;2;https://t.me/DtOperativno/20850
2025-04-19;4.0;4.476;0;0;
2025-04-20;4.0;4.476;0;0;
2025-04-21;7.0;4.476;1;3;https://t.me/DtOperativno/20870
2025-04-22;5.0;4.619;1;1;https://t.me/DtOperativno/20874
2025-04-23;4.0;4.524;1;1;https://t.me/DtOperativno/20902
2025-04-24;6.0;4.524;1;2;https://t.me/DtOperativno/20918
2025-04-25;5.0;4.619;1;1;https://t.me/DtOperativno/20929
2025-04-26;4.0;4.571;0;0;
2025-04-27;4.0;4.571;0;0;
2025-04-28;4.0;4.571;0;0;
2025-04-29;7.0;4.571;1;2;https://t.me/DtOperativno/21003
2025-04-30;7.0;4.762;1;2;https://t.me/DtOperativno/21014
2025-05-01;4.0;4.905;0;0;
2025-05-02;4.0;4.905;0;0;
2025-05-03;4.0;5.0;0;0;
2025-05-04;4.0;5.0;0;0;
2025-05-05;4.0;5.0;0;0;
2025-05-06;4.0;5.0;0;0;
2025-05-07;4.0;4.905;1;1;https://t.me/DtOperativno/21074
2025-05-08;4.0;4.714;0;0;
2025-05-09;4.0;4.714;0;0;
2025-05-10;4.0;4.619;0;0;
2025-05-11;4.0;4.619;0;0;
2025-05-12;4.0;4.619;0;0;
2025-05-13;7.0;4.476;1;1;https://t.me/DtOperativno/21148
2025-05-14;7.0;4.571;1;2;https://t.me/DtOperativno/21158
2025-05-15;4.0;4.714;0;0;
2025-05-16;4.0;4.619;1;1;https://t.me/DtOperativno/21190
2025-05-17;4.0;4.571;0;0;
2025-05-18;4.0;4.571;0;0;
2025-05-19;4.0;4.571;0;0;
2025-05-20;6.0;4.571;1;3;https://t.me/DtOperativno/21239
2025-05-21;4.0;4.524;1;1;https://t.me/DtOperativno/21243
2025-05-22;4.0;4.381;0;0;
2025-05-23;4.0;4.381;1;1;https://t.me/DtOperativno/21266
2025-05-24;4.0;4.381;0;0;
2025-05-25;4.0;4.381;0;0;
2025-05-26;4.0;4.381;0;0;
2025-05-27;7.0;4.381;1;2;https://t.me/DtOperativno/21313
2025-05-28;7.0;4.524;1;3;https://t.me/DtOperativno/21342
2025-05-29;6.0;4.667;1;1;https://t.me/DtOperativno/21360
2025-05-30;4.0;4.762;1;1;https://t.me/DtOperativno/21378
2025-05-31;4.0;4.762;0;0;
2025-06-01;4.0;4.762;0;0;
2025-06-02;4.0;4.762;0;0;
2025-06-03;4.0;4.762;0;0;
2025-06-04;4.0;4.619;0;0;
2025-06-05;4.0;4.476;0;0;
2025-06-06;4.0;4.476;1;1;https://t.me/DtOperativno/21475
2025-06-07;4.0;4.476;0;0;
2025-06-08;4.0;4.476;0;0;
2025-06-09;4.0;4.476;0;0;
2025-06-10;4.0;4.476;0;0;
2025-06-11;7.0;4.381;1;2;https://t.me/DtOperativno/21536
2025-06-12;4.0;4.524;0;0;
2025-06-13;4.0;4.524;0;0;
2025-06-14;4.0;4.524;0;0;
2025-06-15;4.0;4.524;0;0;
2025-06-16;4.0;4.524;0;0;
2025-06-17;5.0;4.524;1;1;https://t.me/DtOperativno/21579
2025-06-18;4.0;4.429;0;0;
2025-06-19;4.0;4.286;0;0;
2025-06-20;5.0;4.19;1;1;https://t.me/DtOperativno/21615
2025-06-21;4.0;4.238;0;0;
2025-06-22;4.0;4.238;0;0;
2025-06-23;4.0;4.238;0;0;
2025-06-24;4.0;4.238;0;0;
2025-06-25;3.0;4.238;1;1;https://t.me/DtOperativno/21652
2025-06-26;4.0;4.19;1;1;https://t.me/DtOperativno/21665
2025-06-27;5.0;4.19;1;1;https://t.me/DtOperativno/21685
2025-06-28;4.0;4.238;0;0;
2025-06-29;4.0;4.238;0;0;
2025-06-30;4.0;4.238;1;1;https://t.me/DtOperativno/21719
2025-07-01;4.0;4.238;1;1;https://t.me/DtOperativno/21729
2025-07-02;4.0;4.238;0;0;
2025-07-03;4.0;4.095;1;1;https://t.me/DtOperativno/21744
2025-07-04;4.0;4.095;1;1;https://t.me/DtOperativno/21771
2025-07-05;4.0;4.095;0;0;
2025-07-06;4.0;4.095;0;0;
2025-07-07;4.0;4.095;0;0;
2025-07-08;4.0;4.095;0;0;
2025-07-09;4.0;4.048;0;0;
2025-07-10;4.0;4.048;0;0;
2025-07-11;3.0;4.048;1;1;https://t.me/DtOperativno/21853
2025-07-12;3.0;3.952;1;1;https://t.me/DtOperativno/21877
2025-07-13;4.0;3.905;0;0;
2025-07-14;4.0;3.905;1;1;https://t.me/DtOperativno/21887
2025-07-15;5.0;3.905;1;3;https://t.me/DtOperativno/21901
2025-07-16;6.0;3.952;1;1;https://t.me/DtOperativno/21919
2025-07-17;4.0;4.095;0;0;
2025-07-18;3.0;4.095;1;1;https://t.me/DtOperativno/21934
2025-07-19;4.0;4.0;0;0;
2025-07-20;4.0;4.0;0;0;
2025-07-21;5.0;4.0;1;4;https://t.me/DtOperativno/21970
2025-07-22;6.0;4.048;1;4;https://t.me/DtOperativno/22015
2025-07-23;4.0;4.143;1;1;https://t.me/DtOperativno/22030
2025-07-24;6.0;4.143;1;3;https://t.me/DtOperativno/22055
2025-07-25;4.0;4.238;1;1;https://t.me/DtOperativno/22073
2025-07-26;4.0;4.238;0;0;
2025-07-27;4.0;4.238;0;0;
2025-07-28;4.0;4.238;0;0;
2025-07-29;4.0;4.238;0;0;
2025-07-30;4.0;4.238;0;0;
2025-07-31;4.0;4.238;1;1;https://t.me/DtOperativno/22145
2025-08-01;4.0;4.238;1;2;https://t.me/DtOperativno/22167
2025-08-02;4.0;4.286;0;0;
2025-08-03;4.0;4.333;0;0;
2025-08-04;6.0;4.333;1;2;https://t.me/DtOperativno/22208
2025-08-05;3.0;4.429;1;1;https://t.me/DtOperativno/22218
2025-08-06;3.0;4.333;1;1;https://t.me/DtOperativno/22230
2025-08-07;6.0;4.19;1;2;https://t.me/DtOperativno/22267
2025-08-08;3.0;4.286;1;1;https://t.me/DtOperativno/22279
2025-08-09;4.0;4.286;0;0;
2025-08-10;4.0;4.286;0;0;
2025-08-11;3.0;4.286;1;1;https://t.me/DtOperativno/22314
2025-08-12;4.0;4.19;1;1;https://t.me/DtOperativno/22324
2025-08-13;4.0;4.095;0;0;
2025-08-14;5.0;4.095;1;1;https://t.me/DtOperativno/22356
2025-08-15;4.0;4.048;1;1;https://t.me/DtOperativno/22367
2025-08-16;4.0;4.048;0;0;
2025-08-17;4.0;4.048;0;0;
2025-08-18;4.0;4.048;0;0;
2025-08-19;4.0;4.048;0;0;
2025-08-20;4.0;4.048;1;1;https://t.me/DtOperativno/22429
2025-08-21;4.0;4.048;1;1;https://t.me/DtOperativno/22438
2025-08-22;4.0;4.048;1;1;https://t.me/DtOperativno/22463
2025-08-23;4.0;4.048;0;0;
2025-08-24;4.0;4.048;0;0;
2025-08-25;3.0;4.048;1;1;https://t.me/DtOperativno/22490
2025-08-26;4.0;3.905;0;0;
2025-08-27;7.0;3.952;1;1;https://t.me/DtOperativno/22516
2025-08-28;7.0;4.143;1;2;https://t.me/DtOperativno/22536
2025-08-29;5.0;4.19;1;1;https://t.me/DtOperativno/22546
2025-08-30;4.0;4.286;0;0;
2025-08-31;4.0;4.286;0;0;
2025-09-01;4.0;4.286;0;0;
2025-09-02;7.0;4.333;1;1;https://t.me/DtOperativno/22584
2025-09-03;4.0;4.476;0;0;
2025-09-04;4.0;4.476;0;0;
2025-09-05;6.0;4.429;1;2;https://t.me/DtOperativno/22633
2025-09-06;4.0;4.524;0;0;
2025-09-07;4.0;4.524;0;0;
2025-09-08;4.0;4.524;0;0;
2025-09-09;4.0;4.524;0;0;
2025-09-10;7.0;4.524;1;2;https://t.me/DtOperativno/22676
2025-09-11;4.0;4.667;0;0;
2025-09-12;7.0;4.667;1;2;https://t.me/DtOperativno/22722
2025-09-13;4.0;4.81;0;0;
2025-09-14;4.0;4.81;0;0;
2025-09-15;4.0;4.81;0;0;
2025-09-16;4.0;4.857;0;0;
2025-09-17;4.0;4.857;0;0;
2025-09-18;4.0;4.714;0;0;
2025-09-19;7.0;4.571;1;2;https://t.me/DtOperativno/22814
2025-09-20;4.0;4.667;0;0;
2025-09-21;4.0;4.667;0;0;
2025-09-22;4.0;4.667;0;0;
2025-09-23;7.0;4.667;1;2;https://t.me/DtOperativno/22853
2025-09-24;7.0;4.667;1;2;https://t.me/DtOperativno/22878
2025-09-25;8.0;4.81;1;3;https://t.me/DtOperativno/22919
2025-09-26;4.0;5.0;1;1;https://t.me/DtOperativno/22927
2025-09-27;4.0;4.905;0;0;
2025-09-28;4.0;4.905;0;0;
2025-09-29;4.0;4.905;0;0;
2025-09-30;7.0;4.905;1;1;https://t.me/DtOperativno/22955
2025-10-01;4.0;5.048;0;0;
2025-10-02;4.0;4.905;0;0;
2025-10-03;3.0;4.905;1;1;https://t.me/DtOperativno/22993
2025-10-04;4.0;4.714;0;0;
2025-10-05;4.0;4.714;0;0;
2025-10-06;3.0;4.714;1;1;https://t.me/DtOperativno/23027
2025-10-07;7.0;4.667;1;2;https://t.me/DtOperativno/23042
2025-10-08;4.0;4.81;0;0;
2025-10-09;6.0;4.81;1;1;https://t.me/DtOperativno/23069
2025-10-10;7.0;4.905;1;3;https://t.me/DtOperativno/23091
2025-10-11;4.0;4.905;0;0;
2025-10-12;4.0;4.905;0;0;
2025-10-13;7.0;4.905;1;2;https://t.me/DtOperativno/23117
2025-10-14;7.0;5.048;1;2;https://t.me/DtOperativno/23129
2025-10-15;7.0;5.048;1;5;https://t.me/DtOperativno/23148
2025-10-16;7.0;5.048;1;1;https://t.me/DtOperativno/23164
2025-10-17;7.0;5.0;1;2;https://t.me/DtOperativno/23196
2025-10-18;4.0;5.143;0;0;
2025-10-19;4.0;5.143;0;0;
2025-10-20;4.0;5.143;0;0;
2025-10-21;4.0;5.143;0;0;
2025-10-22;4.0;5.0;0;0;
2025-10-23;6.0;5.0;1;1;https://t.me/DtOperativno/23253
2025-10-24;4.0;5.095;1;1;https://t.me/DtOperativno/23262
2025-10-25;4.0;5.143;0;0;
2025-10-26;4.0;5.143;0;0;
2025-10-27;4.0;5.143;0;0;
2025-10-28;4.0;5.19;0;0;
2025-10-29;7.0;5.048;1;3;https://t.me/DtOperativno/23315
2025-10-30;7.0;5.19;1;2;https://t.me/DtOperativno/23340
2025-10-31;7.0;5.238;1;3;https://t.me/DtOperativno/23363
2025-11-01;7.0;5.238;1;2;https://t.me/DtOperativno/23382
2025-11-02;4.0;5.381;0;0;
2025-11-03;4.0;5.381;0;0;
2025-11-04;4.0;5.238;0;0;
2025-11-05;4.0;5.095;0;0;
2025-11-06;7.0;4.952;1;1;https://t.me/DtOperativno/23425
2025-11-07;7.0;4.952;1;3;https://t.me/DtOperativno/23451
2025-11-08;4.0;4.952;0;0;
2025-11-09;4.0;4.952;0;0;
2025-11-10;7.0;4.952;1;1;https://t.me/DtOperativno/23483
2025-11-11;7.0;5.095;1;2;https://t.me/DtOperativno/23493
2025-11-12;7.0;5.238;1;5;https://t.me/DtOperativno/23517
2025-11-13;7.0;5.381;1;2;https://t.me/DtOperativno/23536
2025-11-14;7.0;5.429;1;2;https://t.me/DtOperativno/23555
2025-11-15;4.0;5.571;0;0;
2025-11-16;4.0;5.571;0;0;
2025-11-17;7.0;5.571;1;4;https://t.me/DtOperativno/23602
2025-11-18;7.0;5.714;1;8;https://t.me/DtOperativno/23644
2025-11-19;7.0;5.857;1;4;https://t.me/DtOperativno/23673
2025-11-20;7.0;5.857;1;1;https://t.me/DtOperativno/23690
2025-11-21;7.0;5.857;1;3;https://t.me/DtOperativno/23716
2025-11-22;4.0;5.857;0;0;
2025-11-23;4.0;5.714;0;0;
2025-11-24;6.0;5.714;1;2;https://t.me/DtOperativno/23736
2025-11-25;7.0;5.81;1;1;https://t.me/DtOperativno/23770
2025-11-26;8.0;5.952;1;5;https://t.me/DtOperativno/23789
2025-11-27;7.0;6.143;1;3;https://t.me/DtOperativno/23810
2025-11-28;7.0;6.143;1;5;https://t.me/DtOperativno/23829
2025-11-29;4.0;6.143;0;0;
2025-11-30;4.0;6.143;0;0;
2025-12-01;3.0;6.143;1;2;https://t.me/DtOperativno/23862
2025-12-02;8.0;5.952;1;8;https://t.me/DtOperativno/23889
2025-12-03;7.0;6.0;1;3;https://t.me/DtOperativno/23911
2025-12-04;7.0;6.0;1;2;https://t.me/DtOperativno/23925
2025-12-05;7.0;6.0;1;2;https://t.me/DtOperativno/23937
2025-12-06;4.0;6.0;0;0;
2025-12-07;4.0;6.0;0;0;
2025-12-08;7.0;6.0;1;3;https://t.me/DtOperativno/23971
2025-12-09;4.0;6.0;0;0;
2025-12-10;7.0;5.857;1;4;https://t.me/DtOperativno/24008
2025-12-11;9.0;5.857;1;9;https://t.me/DtOperativno/24058
2025-12-12;7.0;5.952;1;10;https://t.me/DtOperativno/24087
2025-12-13;4.0;5.952;0;0;
2025-12-14;4.0;5.952;0;0;
2025-12-15;6.0;5.952;1;1;https://t.me/DtOperativno/24118
2025-12-16;7.0;5.952;1;4;https://t.me/DtOperativno/24129
2025-12-17;8.0;5.952;1;7;https://t.me/DtOperativno/24180
2025-12-18;8.0;5.952;1;5;https://t.me/DtOperativno/24197
2025-12-19;7.0;6.0;1;8;https://t.me/DtOperativno/24237
2025-12-20;4.0;6.0;1;1;https://t.me/DtOperativno/24244
2025-12-21;4.0;6.0;0;0;
2025-12-22;6.0;6.0;1;2;https://t.me/DtOperativno/24270
2025-12-23;7.0;6.143;1;4;https://t.me/DtOperativno/24286
2025-12-24;8.0;6.095;1;10;https://t.me/DtOperativno/24312
2025-12-25;7.0;6.143;1;9;https://t.me/DtOperativno/24343
2025-12-26;7.0;6.143;1;3;https://t.me/DtOperativno/24389
2025-12-27;4.0;6.143;0;0;
2025-12-28;4.0;6.143;0;0;
2025-12-29;7.0;6.143;1;6;https://t.me/DtOperativno/24432
2025-12-30;7.0;6.143;1;5;https://t.me/DtOperativno/24459
2025-12-31;4.0;6.286;0;0;
