date;precip_mm;temp_c;snow_cm
2025-01-01;3.6;-2.888;2.52
2025-01-02;0.9;2.325;0.0
2025-01-03;1.2;-4.881;0.84
2025-01-04;0.7;-4.712;0.49
2025-01-05;0.3;-5.2;0.21
2025-01-06;0.0;-5.856;0.0
2025-01-07;3.8;-1.475;1.96
2025-01-08;0.8;2.45;0.0
2025-01-09;0.0;-0.544;0.0
2025-01-10;2.4;1.512;0.21
2025-01-11;3.6;3.244;0.0
2025-01-12;0.0;-1.212;0.0
2025-01-13;0.8;-2.169;0.56
2025-01-14;2.0;-4.831;1.33
2025-01-15;0.1;0.425;0.07
2025-01-16;3.8;-0.862;2.31
2025-01-17;0.0;2.644;0.0
2025-01-18;1.6;1.269;0.07
2025-01-19;0.0;-0.756;0.0
2025-01-20;0.0;0.894;0.0
2025-01-21;0.0;-6.469;0.0
2025-01-22;0.9;-5.1;0.63
2025-01-23;0.0;-2.725;0.0
2025-01-24;0.0;-1.862;0.0
2025-01-25;0.0;-0.238;0.0
2025-01-26;0.2;2.081;0.07
2025-01-27;0.5;3.95;0.0
2025-01-28;0.1;3.431;0.0
2025-01-29;0.1;3.531;0.0
2025-01-30;0.0;5.031;0.0
2025-01-31;0.0;3.3;0.0
2025-02-01;0.7;3.019;0.0
2025-02-02;0.4;0.325;0.28
2025-02-03;0.1;-0.519;0.07
2025-02-04;0.0;-1.775;0.0
2025-02-05;0.0;-1.275;0.0
2025-02-06;0.0;-1.638;0.0
2025-02-07;0.0;-3.912;0.0
2025-02-08;0.0;-3.962;0.0
2025-02-09;0.0;-4.588;0.0
2025-02-10;0.0;-5.075;0.0
2025-02-11;0.0;-5.831;0.0
2025-02-12;0.0;-6.606;0.0
2025-02-13;0.0;-7.031;0.0
2025-02-14;0.2;-6.5;0.21
2025-02-15;0.2;-8.444;0.14
2025-02-16;0.3;-10.331;0.21
2025-02-17;0.0;-11.462;0.0
2025-02-18;0.3;-9.538;0.21
2025-02-19;0.1;-6.769;0.07
2025-02-20;0.0;-8.969;0.0
2025-02-21;0.0;-7.056;0.0
2025-02-22;0.0;-6.631;0.0
2025-02-23;0.0;-8.412;0.0
2025-02-24;0.0;-8.988;0.0
2025-02-25;0.0;-8.175;0.0
2025-02-26;0.0;-5.312;0.0
2025-02-27;0.0;-4.944;0.0
2025-02-28;0.0;-2.344;0.0
2025-03-01;0.0;0.225;0.0
2025-03-02;0.4;-0.662;0.28
2025-03-03;1.0;0.138;0.7
2025-03-04;1.7;1.85;0.42
2025-03-05;0.6;1.569;0.42
2025-03-06;1.3;4.688;0.0
2025-03-07;0.0;7.275;0.0
2025-03-08;0.0;4.962;0.0
2025-03-09;0.0;6.644;0.0
2025-03-10;0.0;4.862;0.0
2025-03-11;0.2;7.662;0.0
2025-03-12;2.3;8.362;0.0
2025-03-13;0.0;7.319;0.0
2025-03-14;1.7;10.338;0.0
2025-03-15;0.0;0.188;0.0
2025-03-16;0.0;0.844;0.0
2025-03-17;1.8;-1.788;1.26
2025-03-18;0.0;-1.312;0.0
2025-03-19;0.9;0.694;0.42
2025-03-20;0.0;4.206;0.0
2025-03-21;0.0;5.712;0.0
2025-03-22;0.0;1.625;0.0
2025-03-23;0.0;1.775;0.0
2025-03-24;0.0;5.719;0.0
2025-03-25;4.5;3.962;0.14
2025-03-26;0.0;3.65;0.0
2025-03-27;1.8;5.575;0.0
2025-03-28;0.1;7.369;0.0
2025-03-29;0.0;8.619;0.0
2025-03-30;0.0;8.562;0.0
2025-03-31;0.0;10.85;0.0
2025-04-01;5.1;9.244;0.0
2025-04-02;0.0;9.506;0.0
2025-04-03;0.0;9.594;0.0
2025-04-04;0.0;10.825;0.0
2025-04-05;0.1;4.581;0.0
2025-04-06;8.3;-2.212;5.81
2025-04-07;7.8;-0.825;5.46
2025-04-08;5.6;-1.206;3.85
2025-04-09;1.1;-1.944;0.77
2025-04-10;1.0;-0.919;0.7
2025-04-11;0.0;0.044;0.0
2025-04-12;0.0;0.262;0.0
2025-04-13;0.0;4.188;0.0
2025-04-14;0.0;7.962;0.0
2025-04-15;0.0;13.2;0.0
2025-04-16;0.0;14.988;0.0
2025-04-17;0.0;13.962;0.0
2025-04-18;0.4;17.944;0.0
2025-04-19;0.0;19.844;0.0
2025-04-20;0.0;20.062;0.0
2025-04-21;0.0;20.644;0.0
2025-04-22;0.1;19.738;0.0
2025-04-23;0.3;20.612;0.0
2025-04-24;0.0;15.812;0.0
2025-04-25;3.3;13.806;0.0
2025-04-26;0.0;4.788;0.0
2025-04-27;0.3;3.381;0.21
2025-04-28;0.0;6.731;0.0
2025-04-29;2.7;8.481;0.0
2025-04-30;1.3;8.556;0.0
2025-05-01;18.8;6.944;0.0
2025-05-02;3.1;4.6;1.82
2025-05-03;0.3;9.95;0.0
2025-05-04;2.0;13.381;0.0
2025-05-05;0.6;11.2;0.0
2025-05-06;0.0;7.825;0.0
2025-05-07;0.1;10.862;0.0
2025-05-08;0.2;7.169;0.0
2025-05-09;0.0;6.869;0.0
2025-05-10;1.8;7.281;0.0
2025-05-11;1.2;6.012;0.0
2025-05-12;2.7;5.775;0.0
2025-05-13;5.8;7.262;0.0
2025-05-14;0.7;10.356;0.0
2025-05-15;0.1;13.388;0.0
2025-05-16;0.0;17.338;0.0
2025-05-17;0.0;17.612;0.0
2025-05-18;1.1;17.075;0.0
2025-05-19;1.7;14.65;0.0
2025-05-20;2.1;13.325;0.0
2025-05-21;0.8;16.138;0.0
2025-05-22;0.0;18.431;0.0
2025-05-23;0.0;22.15;0.0
2025-05-24;0.0;24.275;0.0
2025-05-25;0.0;24.975;0.0
2025-05-26;0.0;24.831;0.0
2025-05-27;0.0;23.806;0.0
2025-05-28;0.0;23.925;0.0
2025-05-29;0.1;25.556;0.0
2025-05-30;0.0;23.738;0.0
2025-05-31;1.9;22.106;0.0
2025-06-01;0.1;19.031;0.0
2025-06-02;0.0;19.569;0.0
2025-06-03;0.1;20.775;0.0
2025-06-04;0.4;19.556;0.0
2025-06-05;0.0;21.794;0.0
2025-06-06;2.7;22.794;0.0
2025-06-07;3.3;23.975;0.0
2025-06-08;1.9;23.481;0.0
2025-06-09;1.7;23.75;0.0
2025-06-10;0.0;18.169;0.0
2025-06-11;0.0;17.481;0.0
2025-06-12;0.2;18.794;0.0
2025-06-13;9.5;17.256;0.0
2025-06-14;7.5;15.181;0.0
2025-06-15;2.5;15.712;0.0
2025-06-16;0.0;20.388;0.0
2025-06-17;5.2;18.938;0.0
2025-06-18;3.8;16.888;0.0
2025-06-19;4.4;15.638;0.0
2025-06-20;7.8;14.138;0.0
2025-06-21;0.0;14.231;0.0
2025-06-22;2.6;14.156;0.0
2025-06-23;0.0;16.85;0.0
2025-06-24;1.8;17.912;0.0
2025-06-25;1.8;16.962;0.0
2025-06-26;1.1;16.894;0.0
2025-06-27;0.0;15.644;0.0
2025-06-28;0.0;18.544;0.0
2025-06-29;6.1;18.231;0.0
2025-06-30;7.8;12.831;0.0
2025-07-01;5.0;13.219;0.0
2025-07-02;1.3;16.681;0.0
2025-07-03;0.0;21.625;0.0
2025-07-04;1.5;22.244;0.0
2025-07-05;0.0;17.569;0.0
2025-07-06;0.1;17.494;0.0
2025-07-07;0.1;23.706;0.0
2025-07-08;1.6;26.806;0.0
2025-07-09;1.5;27.3;0.0
2025-07-10;0.0;29.612;0.0
2025-07-11;0.0;30.712;0.0
2025-07-12;0.6;29.95;0.0
2025-07-13;3.1;27.375;0.0
2025-07-14;1.5;25.012;0.0
2025-07-15;9.0;23.181;0.0
2025-07-16;7.4;21.769;0.0
2025-07-17;5.5;22.106;0.0
2025-07-18;0.0;23.019;0.0
2025-07-19;1.3;22.775;0.0
2025-07-20;0.5;22.85;0.0
2025-07-21;24.5;19.019;0.0
2025-07-22;2.4;20.506;0.0
2025-07-23;1.4;21.625;0.0
2025-07-24;3.0;22.45;0.0
2025-07-25;0.0;24.281;0.0
2025-07-26;0.0;22.269;0.0
2025-07-27;0.0;24.044;0.0
2025-07-28;0.0;26.369;0.0
2025-07-29;0.2;26.812;0.0
2025-07-30;0.1;26.575;0.0
2025-07-31;0.1;26.681;0.0
2025-08-01;16.5;22.544;0.0
2025-08-02;0.7;21.812;0.0
2025-08-03;0.2;22.462;0.0
2025-08-04;20.0;19.888;0.0
2025-08-05;3.1;21.312;0.0
2025-08-06;0.0;22.112;0.0
2025-08-07;5.2;18.238;0.0
2025-08-08;0.1;18.338;0.0
2025-08-09;10.3;16.581;0.0
2025-08-10;0.1;18.681;0.0
2025-08-11;1.9;17.119;0.0
2025-08-12;5.0;17.456;0.0
2025-08-13;1.0;17.875;0.0
2025-08-14;0.5;15.825;0.0
2025-08-15;0.0;19.681;0.0
2025-08-16;0.0;19.606;0.0
2025-08-17;0.3;17.962;0.0
2025-08-18;4.1;14.662;0.0
2025-08-19;0.5;17.55;0.0
2025-08-20;4.4;17.925;0.0
2025-08-21;6.2;14.35;0.0
2025-08-22;0.0;14.356;0.0
2025-08-23;0.0;14.875;0.0
2025-08-24;0.0;15.281;0.0
2025-08-25;1.5;13.3;0.0
2025-08-26;2.2;12.775;0.0
2025-08-27;1.0;13.35;0.0
2025-08-28;0.1;14.881;0.0
2025-08-29;0.1;16.719;0.0
2025-08-30;0.0;23.094;0.0
2025-08-31;0.0;22.95;0.0
2025-09-01;0.0;19.112;0.0
2025-09-02;0.0;15.119;0.0
2025-09-03;0.0;15.875;0.0
2025-09-04;0.1;15.794;0.0
2025-09-05;0.0;16.944;0.0
2025-09-06;0.0;17.488;0.0
2025-09-07;0.0;18.275;0.0
2025-09-08;0.0;18.369;0.0
2025-09-09;0.0;18.719;0.0
2025-09-10;0.0;15.662;0.0
2025-09-11;0.0;16.412;0.0
2025-09-12;0.0;15.031;0.0
2025-09-13;0.0;13.606;0.0
2025-09-14;0.0;14.325;0.0
2025-09-15;0.0;16.044;0.0
2025-09-16;0.0;17.425;0.0
2025-09-17;0.0;16.381;0.0
2025-09-18;0.0;14.719;0.0
2025-09-19;2.8;12.95;0.0
2025-09-20;0.0;13.737;0.0
2025-09-21;0.0;18.256;0.0
2025-09-22;0.0;21.225;0.0
2025-09-23;1.2;14.431;0.0
2025-09-24;0.1;9.088;0.0
2025-09-25;0.4;8.688;0.0
2025-09-26;0.0;9.462;0.0
2025-09-27;3.6;9.0;0.0
2025-09-28;0.3;7.175;0.0
2025-09-29;0.0;7.188;0.0
2025-09-30;0.0;5.925;0.0
2025-10-01;0.0;7.319;0.0
2025-10-02;0.0;8.225;0.0
2025-10-03;0.0;9.075;0.0
2025-10-04;0.0;10.325;0.0
2025-10-05;1.0;10.525;0.0
2025-10-06;2.4;11.456;0.0
2025-10-07;0.6;11.35;0.0
2025-10-08;0.0;11.569;0.0
2025-10-09;0.7;11.656;0.0
2025-10-10;1.0;10.181;0.0
2025-10-11;0.0;10.431;0.0
2025-10-12;0.6;7.4;0.0
2025-10-13;11.8;3.838;0.07
2025-10-14;3.2;4.631;0.0
2025-10-15;5.0;4.031;0.0
2025-10-16;0.4;4.612;0.0
2025-10-17;2.6;8.262;0.0
2025-10-18;0.0;5.925;0.0
2025-10-19;0.1;6.006;0.0
2025-10-20;0.0;6.425;0.0
2025-10-21;0.9;4.138;0.0
2025-10-22;0.0;5.356;0.0
2025-10-23;0.1;5.069;0.0
2025-10-24;1.6;7.525;0.0
2025-10-25;0.0;9.888;0.0
2025-10-26;1.6;7.281;0.0
2025-10-27;0.9;7.012;0.0
2025-10-28;3.0;6.244;0.0
2025-10-29;1.2;5.756;0.0
2025-10-30;0.0;6.138;0.0
2025-10-31;9.9;5.612;0.0
2025-11-01;0.0;5.625;0.0
2025-11-02;0.1;5.481;0.0
2025-11-03;1.8;6.319;0.0
2025-11-04;2.7;8.45;0.0
2025-11-05;0.0;6.6;0.0
2025-11-06;1.5;7.5;0.0
2025-11-07;0.5;8.769;0.0
2025-11-08;0.0;9.012;0.0
2025-11-09;0.0;5.456;0.0
2025-11-10;0.0;3.156;0.0
2025-11-11;0.0;3.9;0.0
2025-11-12;1.0;3.65;0.0
2025-11-13;0.1;5.131;0.0
2025-11-14;0.3;5.931;0.0
2025-11-15;6.3;0.056;4.13
2025-11-16;0.0;-3.444;0.0
2025-11-17;2.9;0.469;0.0
2025-11-18;4.7;5.981;0.0
2025-11-19;0.0;0.431;0.0
2025-11-20;0.0;-0.119;0.0
2025-11-21;0.3;0.594;0.14
2025-11-22;1.1;1.169;0.56
2025-11-23;0.0;-0.1;0.0
2025-11-24;4.2;2.631;0.07
2025-11-25;0.0;0.094;0.0
2025-11-26;4.5;0.419;1.96
2025-11-27;3.6;4.275;0.0
2025-11-28;0.0;2.994;0.0
2025-11-29;0.0;0.05;0.0
2025-11-30;0.0;2.269;0.0
2025-12-01;0.0;0.231;0.0
2025-12-02;0.0;0.544;0.0
2025-12-03;0.0;0.906;0.0
2025-12-04;0.0;2.069;0.0
2025-12-05;0.0;2.056;0.0
2025-12-06;0.0;2.788;0.0
2025-12-07;0.0;0.581;0.0
2025-12-08;0.0;0.25;0.0
2025-12-09;0.0;-0.5;0.0
2025-12-10;0.8;-0.456;0.56
2025-12-11;4.1;2.275;0.0
2025-12-12;3.4;1.406;0.7
2025-12-13;0.4;-5.069;0.35
2025-12-14;0.1;-6.112;0.07
2025-12-15;0.1;-7.325;0.07
2025-12-16;1.4;-1.112;0.91
2025-12-17;0.0;1.15;0.0
2025-12-18;0.0;0.338;0.0
2025-12-19;0.2;-0.494;0.0
2025-12-20;0.0;-0.512;0.0
2025-12-21;0.4;0.25;0.35
2025-12-22;0.8;-0.425;0.28
2025-12-23;0.0;-12.631;0.0
2025-12-24;0.5;-11.512;0.42
2025-12-25;1.6;-2.3;1.19
2025-12-26;5.1;0.6;3.57
2025-12-27;0.2;-1.444;0.14
2025-12-28;1.9;-2.781;1.33
2025-12-29;1.6;-4.288;1.12
2025-12-30;3.4;-4.825;2.38
2025-12-31;1.3;-7.275;0.91
