w_wk,w_we,10-01,09-15,02-01,03-01,04-01,09-01,mean,mean_ex0901,wins
0.0,0.0,0.0,0.0,0.0,0.0,1.5672480690750445,0.0,0.26120801151250744,0.3134496138150089,1
0.0,0.5,1.6750189931785675,2.1515096336398587,0.26415546909797083,0.04178659392195527,2.069137687093492,2.1197256533098674,1.3868890050402853,1.2403216753863688,6
0.0,0.7,2.1045291606514027,2.670773560153661,0.1260051325459033,0.029761842118336546,2.167318221965142,2.480568307379749,1.5964927041356993,1.419677583486889,6
0.0,0.85,2.3454373087401503,2.9203649232060203,-0.0947864227135442,0.009148518361645763,2.2008976046391515,2.52338537355723,1.6507412176317757,1.4762123864466847,5
0.0,1.0,2.478874048353563,3.0208962197810774,-0.38519440426099116,-0.022481420652864514,2.187057537138548,2.3935740984479814,1.6121210131345525,1.4558303960718666,4
0.5,0.0,1.8766948933106598,6.459045310443168,0.014267923099997581,0.05550824115196917,1.8031503571735996,8.05961796724619,3.0447141154042643,2.0417333450358788,6
0.5,0.5,3.5517138864892273,8.610554944083137,0.2784233921979684,0.09729483507381342,2.305039975192047,10.17934362055617,4.170395108932061,2.968605406607239,6
0.5,0.7,3.9812240539620625,9.129818870596829,0.14027305564578985,0.0852700832701947,2.403220510063697,10.54018627462594,4.379998808027419,3.1479613147077146,6
0.5,0.85,4.22213220205081,9.379410233649189,-0.0805184996134356,0.06465675951361494,2.4367998927377066,10.58300334080342,4.434247321523551,3.204496117667577,5
0.5,1.0,4.355568941664223,9.479941530224245,-0.3709264811609936,0.033026820498993636,2.422959825237103,10.453192065694171,4.395627117026291,3.1841141272927147,5
0.7,0.0,1.8575490124344007,7.885725083144779,-0.014235388565930762,-0.018975208471383453,1.680010531598386,9.653380673615096,3.5072424506258915,2.2780148060280503,4
0.7,0.5,3.5325680056129682,10.037234716784639,0.24992008053204007,0.02281138545057182,2.1819001496167223,11.773106326925076,4.632923444153669,3.204886867599388,6
0.7,0.7,3.9620781730856924,10.55649864329844,0.11176974397997252,0.010786633646953092,2.2800806844883725,12.133948980994846,4.842527143249047,3.3842427756998865,6
0.7,0.85,4.202986321174551,10.8060900063508,-0.10902181127936394,-0.00982669010973769,2.313660067162382,12.176766047172327,4.8967756567451595,3.440777578659726,4
0.7,1.0,4.336423060787853,10.906621302925856,-0.3994297928269219,-0.04145662912424797,2.2998199996617785,12.046954772063078,4.858155452247899,3.420395588284863,4
0.85,0.0,1.5347137643909603,8.447592466953257,-0.04867873767633313,-0.10327959603684267,1.5128852845148755,10.389123538441236,3.6220594534311927,2.268646636429184,4
0.85,0.5,3.209732757569528,10.599102100593116,0.2154767314216377,-0.061493002114887396,2.014774902533323,12.508849191751214,4.747740446958988,3.1955186980005434,5
0.85,0.7,3.639242925042363,11.118366027106807,0.07732639486957016,-0.07351775391850612,2.112955437404973,12.869691845820984,4.957344146054365,3.3748746061010415,5
0.85,0.85,3.8801510731312217,11.367957390159166,-0.1434651603897663,-0.0941310776751969,2.1465348200789824,12.912508911998465,5.0115926595504785,3.431409409060881,4
0.85,1.0,4.0135878127445235,11.468488686734336,-0.4338731419373243,-0.1257610166898182,2.132694752578379,12.782697636889218,4.9729724550532195,3.4110274186860194,4
1.0,0.0,0.9169314197527978,8.564854194197391,-0.09347344113985745,-0.2207508457915397,1.2780082440990714,10.685198397531902,3.521794661441627,2.0891139142235726,4
1.0,0.5,2.5919504129312543,10.716363827837249,0.17068202795800236,-0.17896425186958442,1.7798978621175188,12.80492405084177,4.6474756549693685,3.015985975794888,5
1.0,0.7,3.0214605804040895,11.23562775435094,0.032531691405934815,-0.19098900367320315,1.878078396989169,13.16576670491154,4.857079354064745,3.195341883895386,5
1.0,0.85,3.262368728492948,11.48521911740341,-0.18825986385340165,-0.21160232742989393,1.9116577796630674,13.208583771089133,4.911327867560877,3.2518766868552262,4
1.0,1.0,3.39580546810625,11.585750413978468,-0.4786678454008486,-0.2432322664444042,1.897817712162464,13.078772495979774,4.8727076630636175,3.231494696480386,4
