idea,10-01,09-15,02-01,03-01,04-01,09-01,mean,mean_ex0901,wins
clean level,0.0,0.0,0.0,0.0,1.5672480690750445,0.0,0.26120801151250744,0.3134496138150089,1
clean level K Sat/Sun=3,-0.28875186613241954,-0.12492669900809883,0.0,-0.6447890684753155,1.5387181367557679,-2.425358688952217,-0.32418469763538055,0.0960501006279868,1
clean level K Fri=3,0.47937838638645314,-0.9365855341133544,-0.061741237661117054,0.4810619722914744,1.1033759516040353,-1.7222291025495995,-0.10945659400701802,0.21309790770149828,3
anchor w0.5,3.5517138864892273,8.610554944083137,0.2784233921979684,0.09729483507381342,0.8242499291268857,10.17934362055617,3.9235967679212003,2.672447397394207,6
anchor w0.7,3.9620781730856924,10.55649864329844,0.11176974397997252,0.010786633646953092,0.8527438124865672,12.133948980994846,4.604637664582079,3.0987754012995254,6
clean level + anchor w0.5,3.5517138864892273,8.610554944083137,0.2784233921979684,0.09729483507381342,2.305039975192047,10.17934362055617,4.170395108932061,2.968605406607239,6
clean level + anchor w0.7,3.9620781730856924,10.55649864329844,0.11176974397997252,0.010786633646953092,2.2800806844883725,12.133948980994846,4.842527143249047,3.3842427756998865,6
anchor w0.5 + clean recent shape,2.821243499199322,7.784437974190039,-0.4786678454008486,-0.11811180790233244,0.23929517726428706,9.529089686149849,3.2962144472500525,2.049639399470093,4
clean level + anchor w0.5 + x1.01,5.711358453026172,10.002761978974428,2.71893882575569,1.306159836217513,-0.9219811153505786,15.785931391306463,5.767194894988282,3.763447595724645,5
clean level + anchor w0.5 + x1.02,7.088170674970251,10.615494148914717,4.4264950367775,1.8087009830517475,-4.837249502957941,21.129194340600787,6.705134280226176,3.820322268151254,5
