w,dts,10-01,09-15,02-01,03-01,04-01,09-01,mean,mean_ex0901,wins
0.3,"(0, 4, 5, 6)",2.5846935051427877,5.753784537886331,0.27818026047798927,0.11923928237600467,0.6286376567055108,6.963656233083482,2.7213652459453512,1.8729070485177246,6
0.3,"(0, 4)",1.483396623509492,4.321311707817466,0.022012351025280097,0.08085928964252087,0.272753047998342,5.499955005732526,1.946714670954271,1.2360666039986201,6
0.3,"(5, 6)",1.1012968816332958,1.432472830068976,0.2561679094527092,0.038379992733594825,0.35588460870705774,1.4637012273509553,0.7746505749910981,0.6368404445191267,6
0.5,"(0, 4, 5, 6)",3.5517138864892273,8.610554944083137,0.2784233921979684,0.09729483507381342,0.8242499291268857,10.17934362055617,3.9235967679212003,2.672447397394207,6
0.5,"(0, 4)",1.8766948933106598,6.459045310443168,0.014267923099997581,0.05550824115196917,0.3062273895434453,8.05961796724619,2.7952269541325716,1.742348751509848,6
0.5,"(5, 6)",1.6750189931785675,2.1515096336398587,0.26415546909797083,0.04178659392195527,0.5180225395834404,2.1197256533098674,1.12836981378861,0.9300986458843585,6
0.7,"(0, 4, 5, 6)",3.9620781730856924,10.55649864329844,0.11176974397997252,0.010786633646953092,0.8527438124865672,12.133948980994846,4.604637664582079,3.0987754012995254,6
0.7,"(0, 4)",1.8575490124344007,7.885725083144779,-0.014235388565930762,-0.018975208471383453,0.23270790437435185,9.653380673615096,3.2660253460885524,1.9885542805832437,4
0.7,"(5, 6)",2.1045291606514027,2.670773560153661,0.1260051325459033,0.029761842118336546,0.6200359081121043,2.480568307379749,1.3386123184935261,1.1102211207162815,6
