idea,10-01,09-15,02-01,03-01,04-01,09-01,mean,mean_ex0901,wins
L mean WL2,-3.5281700789465686,0.36262478370285844,2.308679044772055,-1.2644484798109978,2.3254554019986884,3.6067594795675673,0.6351500252139338,0.04082813434320709,4
L trim WL3,-1.0597397366155503,-7.733850669292663,1.6438550486189696,-0.9530266072759197,2.146820951422379,-8.232828206301,-2.3647948699072976,-1.191188202628557,2
L trim WL4,0.6395887203094475,-27.74373627709803,-4.4352993344901614,-2.74257824969526,0.4750669078174008,-17.265995826617477,-8.512159009962346,-6.761391646631321,2
L median WL3,0.8875504441220317,-5.501157310655702,1.7819278886920253,-0.5025960828618503,1.8427976152102232,-9.091820765133374,-1.763883035104441,-0.29829548909865444,3
L ew7 WL3,-0.7029148842406796,-3.1687519504626227,1.389457049365106,0.42698438178467857,3.161741724191036,6.568431158487598,1.2791579131875193,0.22130326412750367,4
L ew7 WL4,-0.3316583357095837,-6.1944691342833424,-0.2834941089872034,0.09613756863580125,3.50392832641111,3.3906304139698085,0.030179121672765003,-0.6419111367866437,3
L ew10 WL4,-0.3721341735378747,-10.255366701077296,-1.245445403371348,-0.5723296641465536,3.8328488437677777,-1.944791190880757,-1.7595363815410086,-1.7224854196730588,1
L last(1wk),-0.12347399129075676,-1.145149231764897,-2.939384598609429,1.1958968119683,0.4170157314975498,18.889130786748034,2.715672584758133,-0.5190190556398466,3
L WL_we=3,-0.28875186613241954,-0.12492669900809883,-1.9837794864576708,-0.6447890684753155,0.6565062712335923,-2.425358688952217,-0.801849922965355,-0.47714816976798247,1
L WL_we=4,0.0163103290130584,-4.738291552684015,-5.770697814659664,-1.1664499184869115,0.3665161083715729,-4.068093449069887,-2.560117716252641,-2.258522569689192,2
L WL_we=6,-0.522362381538688,-10.510030538203207,-7.598984272202514,-1.20278476618485,2.4001097289575446,-8.83354864872754,-4.377933479649876,-3.486810445834343,1
L WL_we=4 mean,-3.6429628339097464,-4.353583389795079,-3.9320245571499157,-2.3898281376174557,3.1014719473250185,0.29617373680190795,-1.820125539057545,-2.2433853942294357,2
L ratio long4,0.5543820927067511,-7.489596717088154,-8.348088249541807,-0.3250962160828985,0.8201576936941457,-3.587406885006028,-3.0626080468863317,-2.9576482792623926,2
L ratio long6,-0.298200657974923,-13.182491371111936,-10.10219759122677,0.9390659531166579,1.9579907874152092,-5.898833438819473,-4.430777719766873,-4.1371665759563525,2
L ratio long8,-5.490500309669688,-11.43295090491403,-10.10219759122677,0.276304013873907,4.479606293940397,-8.488735071664921,-5.126412261610184,-4.453947699599237,2
L outlier0.8,0.46608981130424887,-0.683449272446679,0.0,0.24167954245679635,-0.13085847539306972,-0.3037708847638543,-0.06838487980709296,-0.021307678815740694,2
L outlier0.8 WL3,0.5331733494308155,-8.885116094277002,1.8206480791475022,-0.3226699366710717,1.7398049939575388,-8.71687015823175,-2.305171627773994,-1.0228319216824433,3
mult 1.01,1.944655387873473,1.3046435045490634,2.429388885424655,1.237554093081572,-3.398274101330312,4.9692969308172685,1.4145441167359534,0.7035935539196903,5
mult 1.02,3.0875873290571176,1.9898554767476817,4.136929201104644,1.7854951346030212,-7.402875855468061,9.651547887649325,2.2080898622822884,0.7193982572088808,5
mult 1.03,3.589511475424856,2.00739849398468,5.1240275530568535,1.5202011786956682,-12.016568367872239,14.088803657809068,2.3855623318498145,0.044914066657963936,5
S WS3,0.12521934796860812,2.6064970523468345,-0.010051321101989252,-0.3440391392812714,0.41904631534150916,2.3009747090543264,0.8496078273880029,0.5593344510547382,4
S WS6,-2.946314657053528,-6.4307273010887345,-1.078225146507683,-0.17234485709261005,1.367154230933476,-5.046854021772296,-2.3845519587635624,-1.852091546161816,1
S WS8,-8.12367108097245,-14.336671229938203,-1.078225146507683,-0.502266979367394,1.8569735911319052,-7.2472102787501935,-4.905178520734003,-4.436772169130765,1
S med shares,0.3464405737477749,-1.5017858846307908,-0.17926751370422878,-0.6188623709216801,-0.9438039599979353,0.435961748119329,-0.41021956789792186,-0.579455831101372,2
S mean shares,-0.1712792804174912,-1.0721065141298114,-0.09500899411296615,-0.028875894503399557,-0.07840859551011548,-0.1894876591344019,-0.27252782296803096,-0.28913585573475675,0
S shrink long12 k5,-0.129969407421493,-0.17537955651170112,-0.018431684961184303,0.04803117763574338,0.151210264690671,-0.03336320588998021,-0.026317068742990706,-0.024907841313592805,2
S shrink long12 k20,-0.6555191644068703,-0.7702684963982742,-0.07563247401953799,0.09937315698405058,0.4447128813791501,-0.1769176605652678,-0.18904195950445826,-0.19146681929229636,2
S shrink long12 k50,-1.693692810441072,-1.9258562975632554,-0.181045570505578,0.09671111436238,0.7556153988594883,-0.4614217899394646,-0.5682816592045836,-0.5896536330576074,2
S shrink long8 k20,-0.18112827951732857,-0.6795554982332863,-0.07563247401953799,0.13039869011211014,0.40561558497942407,-0.4598057042786152,-0.143351280159539,-0.08006039533572373,2
S shrink pooled k5,0.11244082836714409,0.08062317434642807,0.1385470461350291,0.1749509933220983,0.13471344962223686,-0.019942666080297045,0.10355547095210656,0.12825509835858728,5
S shrink pooled k20,-0.09333331769845188,-0.13182090082786146,0.08598961551331552,0.22030345363588388,0.09978036036661919,-0.30552038924946956,-0.020766863043327383,0.03618384219790105,3
