route;date;score;kind;label;tot;z_loc;z_share;z_shape
50;2025-10-26;1.0;shape;repairs: route 50 weekends (Sep-Nov 14);1015.0;14.185;-8.738;16.613
1;2025-01-01;1.0;drop;holiday (New Year period);1860.0;-42.762;-23.931;27.72
50;2025-10-19;0.995;spike;repairs: route 50 weekends (Sep-Nov 14);2560.0;17.773;-4.89;22.179
17;2025-01-02;0.993;shape;holiday (New Year period);29674.0;-12.532;6.129;17.933
50;2025-09-13;0.992;shape;repairs: route 50 weekends (Sep-Nov 14);2736.0;13.024;-9.757;29.674
17;2025-01-01;0.991;drop;holiday (New Year period);18089.0;-23.379;6.77;25.768
50;2025-10-18;0.986;shape;repairs: route 50 weekends (Sep-Nov 14);1784.0;13.254;-13.735;22.364
1;2025-01-02;0.981;drop;holiday (New Year period);5610.0;-22.976;-9.649;17.744
17;2025-01-03;0.97;shape;holiday (New Year period);35638.0;-8.8;5.644;16.56
17;2025-01-07;0.969;shape;holiday (New Year period);32035.0;-11.238;5.282;16.714
17;2025-04-13;0.968;drop;holiday weekend;4043.0;-30.483;-35.945;5.94
1;2025-01-07;0.963;drop;holiday (New Year period);6639.0;-20.544;-8.51;15.399
1;2025-01-03;0.962;drop;holiday (New Year period);7268.0;-18.31;-8.42;15.654
17;2025-01-08;0.959;shape;holiday (New Year period);30393.0;-12.507;4.116;15.268
17;2025-01-06;0.958;shape;holiday (New Year period);34969.0;-9.131;4.788;15.315
17;2025-04-27;0.949;drop;holiday weekend;323.0;-64.19;-78.777;10.109
17;2025-04-12;0.947;drop;holiday weekend;5187.0;-22.117;-32.31;10.559
50;2025-09-28;0.943;drop;repairs: route 50 weekends (Sep-Nov 14);206.0;9.19;-15.311;23.58
17;2025-05-09;0.941;shape;holiday / bridge / pre-holiday;30358.0;-13.027;3.261;17.218
17;2025-04-05;0.931;drop;holiday weekend;13759.0;-12.341;-15.29;4.112
11;2025-05-09;0.93;shape;holiday / bridge / pre-holiday;19430.0;-9.369;3.288;15.283
50;2025-01-01;0.929;drop;holiday (New Year period);3606.0;-26.548;-6.415;15.201
1;2025-05-09;0.927;drop;holiday / bridge / pre-holiday;6821.0;-21.04;-9.238;8.996
50;2025-10-11;0.922;drop;repairs: route 50 weekends (Sep-Nov 14);718.0;6.887;-20.542;24.232
11;2025-01-01;0.912;drop;holiday (New Year period);9002.0;-21.054;2.135;20.831
17;2025-06-12;0.907;shape;holiday / bridge / pre-holiday;36760.0;-8.281;4.276;13.21
12;2025-04-01;0.907;drop;unknown;22509.0;-10.141;-10.718;7.521
25;2025-04-02;0.9;spike;unknown;14219.0;6.968;5.891;3.353
17;2025-05-02;0.9;drop;holiday / bridge / pre-holiday;29652.0;-13.635;2.669;13.455
1;2025-06-13;0.895;drop;holiday / bridge / pre-holiday;7961.0;-16.388;-5.426;14.154
11;2025-04-06;0.89;shape;holiday weekend;11004.0;-7.885;-2.088;14.538
17;2025-04-26;0.885;drop;holiday weekend;673.0;-43.163;-66.751;38.612
50;2025-09-06;0.885;drop;repairs: route 50 weekends (Sep-Nov 14);86.0;-21.27;-35.591;31.511
50;2025-09-07;0.885;drop;repairs: route 50 weekends (Sep-Nov 14);20.0;-26.956;-23.362;43.787
17;2025-04-06;0.885;drop;holiday weekend;7562.0;-22.471;-19.9;17.422
17;2025-06-13;0.885;shape;holiday / bridge / pre-holiday;31512.0;-11.804;3.92;12.129
26;2025-04-02;0.883;spike;unknown;32205.0;6.91;6.699;1.973
12;2025-01-01;0.882;drop;holiday (New Year period);7665.0;-27.752;-2.894;20.001
1;2025-01-06;0.88;drop;holiday (New Year period);8006.0;-16.859;-6.7;13.012
1;2025-05-02;0.879;drop;holiday / bridge / pre-holiday;7352.0;-19.985;-7.588;10.314
50;2025-09-21;0.878;drop;repairs: route 50 weekends (Sep-Nov 14);0.0;-4.796;-27.563;14.177
11;2025-05-01;0.875;drop;holiday / bridge / pre-holiday;15679.0;-13.134;2.585;6.704
26;2025-04-01;0.875;spike;unknown;31131.0;6.304;6.845;2.173
50;2025-09-20;0.874;drop;repairs: route 50 weekends (Sep-Nov 14);304.0;-2.002;-26.603;10.308
1;2025-01-08;0.873;drop;holiday (New Year period);7332.0;-18.452;-6.31;12.859
12;2025-04-02;0.873;drop;unknown;24967.0;-8.272;-9.426;1.468
50;2025-09-27;0.871;drop;repairs: route 50 weekends (Sep-Nov 14);20.0;-12.037;-44.019;43.35
26;2025-04-04;0.869;spike;unknown;29979.0;5.63;5.782;3.269
26;2025-01-01;0.866;drop;holiday (New Year period);3987.0;-25.61;-1.187;18.999
12;2025-04-04;0.865;drop;unknown;24715.0;-8.369;-9.642;2.377
50;2025-10-05;0.863;drop;repairs: route 50 weekends (Sep-Nov 14);85.0;-1.081;-18.687;27.239
50;2025-05-01;0.863;drop;holiday / bridge / pre-holiday;7270.0;-17.815;-4.177;6.528
28;2025-01-01;0.86;drop;holiday (New Year period);2413.0;-15.824;-0.46;16.341
12;2025-04-03;0.86;drop;unknown;24985.0;-8.259;-9.235;2.206
7;2025-01-01;0.859;drop;holiday (New Year period);5795.0;-15.728;-0.749;15.921
12;2025-06-12;0.854;drop;holiday / bridge / pre-holiday;15653.0;-14.981;-5.79;8.922
26;2025-05-09;0.853;drop;holiday / bridge / pre-holiday;8139.0;-15.789;-1.124;14.512
50;2025-10-04;0.852;drop;repairs: route 50 weekends (Sep-Nov 14);184.0;-5.052;-30.719;19.832
11;2025-06-12;0.852;shape;holiday / bridge / pre-holiday;22234.0;-6.502;3.263;11.602
50;2025-09-14;0.85;drop;repairs: route 50 weekends (Sep-Nov 14);15.0;-7.41;-24.103;48.366
50;2025-10-25;0.847;drop;repairs: route 50 weekends (Sep-Nov 14);88.0;-9.926;-35.755;30.118
50;2025-10-12;0.847;drop;repairs: route 50 weekends (Sep-Nov 14);8.0;-10.026;-25.435;42.626
11;2025-04-05;0.842;drop;holiday weekend;11507.0;-10.534;-7.608;3.282
17;2025-05-08;0.842;shape;holiday / bridge / pre-holiday;35456.0;-9.554;3.059;11.659
12;2025-06-13;0.84;drop;holiday / bridge / pre-holiday;13904.0;-17.028;-5.432;9.084
25;2025-01-01;0.84;drop;holiday (New Year period);2396.0;-11.215;3.113;10.955
12;2025-01-03;0.84;drop;holiday (New Year period);16279.0;-14.2;-2.589;13.022
1;2025-07-21;0.839;shape;school break;13946.0;-3.543;-1.308;13.793
50;2025-05-09;0.838;drop;holiday / bridge / pre-holiday;8021.0;-16.36;-5.221;12.54
50;2025-05-08;0.837;drop;holiday / bridge / pre-holiday;9267.0;-14.404;-5.508;9.951
7;2025-04-03;0.834;spike;unknown;50676.0;5.959;8.032;-0.248
50;2025-05-02;0.83;drop;holiday / bridge / pre-holiday;9115.0;-14.651;-3.652;12.47
7;2025-01-02;0.829;shape;holiday (New Year period);10392.0;-9.303;-0.07;13.716
7;2025-01-03;0.829;shape;holiday (New Year period);13627.0;-6.392;0.701;13.206
50;2025-06-12;0.827;drop;holiday / bridge / pre-holiday;9441.0;-12.413;-4.866;8.907
1;2025-05-01;0.826;drop;holiday / bridge / pre-holiday;7040.0;-20.77;-4.03;12.433
25;2025-05-09;0.825;shape;holiday / bridge / pre-holiday;5065.0;-4.964;3.475;9.474
1;2025-05-08;0.825;drop;holiday / bridge / pre-holiday;9948.0;-14.28;-3.982;11.781
50;2025-01-06;0.823;drop;holiday (New Year period);9170.0;-14.162;-4.225;10.587
50;2025-01-07;0.823;drop;holiday (New Year period);7466.0;-17.259;-5.424;11.633
50;2025-01-03;0.822;drop;holiday (New Year period);8146.0;-15.557;-5.421;10.354
12;2025-01-02;0.82;drop;holiday (New Year period);13607.0;-17.296;-1.919;13.367
50;2025-01-08;0.818;drop;holiday (New Year period);7879.0;-16.52;-4.858;10.379
1;2025-06-12;0.817;drop;holiday / bridge / pre-holiday;9820.0;-12.815;-3.553;11.247
11;2025-06-13;0.814;shape;holiday / bridge / pre-holiday;18698.0;-9.196;2.53;10.76
50;2025-06-13;0.814;drop;holiday / bridge / pre-holiday;8927.0;-13.169;-3.83;10.571
50;2025-01-02;0.81;drop;holiday (New Year period);7651.0;-16.288;-3.487;12.067
26;2025-01-07;0.807;drop;holiday (New Year period);7455.0;-15.334;-1.53;13.104
12;2025-05-09;0.805;drop;holiday / bridge / pre-holiday;15976.0;-15.993;-2.326;12.72
17;2025-05-01;0.803;drop;holiday / bridge / pre-holiday;22808.0;-19.634;1.27;10.417
12;2025-05-01;0.802;drop;holiday / bridge / pre-holiday;14784.0;-17.416;-0.112;7.466
26;2025-01-06;0.8;drop;holiday (New Year period);8092.0;-14.077;-1.948;12.097
11;2025-01-03;0.795;shape;holiday (New Year period);16997.0;-10.852;0.159;13.019
26;2025-01-02;0.794;drop;holiday (New Year period);6263.0;-18.295;-2.193;12.484
11;2025-01-07;0.787;drop;holiday (New Year period);15344.0;-12.55;-0.134;12.339
11;2025-01-02;0.787;drop;holiday (New Year period);13373.0;-14.396;-0.417;12.446
11;2025-01-06;0.784;shape;holiday (New Year period);17506.0;-10.405;0.195;12.551
26;2025-01-03;0.782;drop;holiday (New Year period);8000.0;-14.607;-1.74;10.937
1;2025-04-03;0.782;shape;unknown;17152.0;-4.744;-5.187;7.442
17;2025-07-16;0.78;shape;school break;39177.0;-4.131;-1.604;11.877
25;2025-04-06;0.779;shape;holiday weekend;2800.0;-5.086;-0.674;10.549
26;2025-05-01;0.777;drop;holiday / bridge / pre-holiday;7335.0;-17.839;-0.178;9.514
7;2025-04-04;0.776;spike;unknown;43599.0;4.219;6.051;1.458
28;2025-01-02;0.775;drop;holiday (New Year period);3571.0;-11.767;-2.085;10.942
12;2025-05-02;0.772;drop;holiday / bridge / pre-holiday;17538.0;-14.338;-0.455;8.474
26;2025-04-03;0.771;spike;unknown;28172.0;4.52;5.079;2.453
26;2025-06-12;0.771;drop;holiday / bridge / pre-holiday;8724.0;-12.468;-1.982;10.247
26;2025-06-13;0.771;drop;holiday / bridge / pre-holiday;8344.0;-13.15;-0.823;7.763
26;2025-05-02;0.771;drop;holiday / bridge / pre-holiday;8800.0;-14.494;-0.232;9.972
7;2025-01-07;0.77;shape;holiday (New Year period);12256.0;-7.591;0.461;11.87
12;2025-01-06;0.768;drop;holiday (New Year period);17515.0;-12.955;-1.58;10.098
12;2025-01-07;0.768;drop;holiday (New Year period);15530.0;-15.196;-1.708;10.34
12;2025-03-31;0.767;drop;school break;26871.0;-7.05;-7.088;1.625
7;2025-05-02;0.767;drop;holiday / bridge / pre-holiday;14729.0;-7.904;1.951;7.458
1;2025-04-01;0.764;shape;unknown;18130.0;-3.71;-2.877;9.153
11;2025-05-02;0.763;drop;holiday / bridge / pre-holiday;16075.0;-12.733;-0.485;8.29
50;2025-08-15;0.762;drop;school break;13928.0;-7.088;-4.903;5.111
7;2025-01-08;0.762;shape;holiday (New Year period);13093.0;-6.844;1.153;10.448
12;2025-01-08;0.759;drop;holiday (New Year period);16370.0;-14.495;-0.783;11.137
7;2025-05-01;0.758;drop;holiday / bridge / pre-holiday;11265.0;-10.908;0.925;7.503
26;2025-01-08;0.758;drop;holiday (New Year period);8214.0;-13.544;-0.423;10.895
11;2025-01-08;0.756;drop;holiday (New Year period);15569.0;-12.353;-0.065;10.869
11;2025-05-08;0.756;shape;holiday / bridge / pre-holiday;21027.0;-8.21;1.627;9.153
50;2025-10-01;0.752;spike;unknown;39898.0;6.373;5.015;-0.172
7;2025-05-09;0.748;shape;holiday / bridge / pre-holiday;12965.0;-9.289;0.461;11.313
28;2025-09-23;0.747;drop;unknown;6041.0;-6.541;-6.444;2.371
1;2025-04-02;0.745;shape;unknown;18834.0;-3.018;-3.055;8.656
25;2025-06-12;0.743;shape;holiday / bridge / pre-holiday;5509.0;-3.304;3.001;6.938
28;2025-06-13;0.742;drop;holiday / bridge / pre-holiday;4194.0;-9.46;-2.315;5.389
28;2025-01-07;0.741;shape;holiday (New Year period);5418.0;-7.42;1.383;8.811
26;2025-05-11;0.739;drop;holiday weekend;5870.0;-8.815;-3.751;3.199
25;2025-01-03;0.738;shape;holiday (New Year period);4105.0;-5.355;1.28;8.769
28;2025-05-01;0.737;drop;holiday / bridge / pre-holiday;4051.0;-10.944;-0.615;5.286
25;2025-05-01;0.737;drop;holiday / bridge / pre-holiday;3004.0;-10.676;0.333;5.057
26;2025-03-31;0.73;spike;school break;28121.0;4.518;5.368;0.025
7;2025-08-08;0.729;drop;repairs: route 7 Jul-Aug;10467.0;-3.496;-8.881;1.691
26;2025-04-06;0.728;spike;holiday weekend;10955.0;0.202;6.3;5.469
12;2025-05-08;0.728;drop;holiday / bridge / pre-holiday;20206.0;-11.759;-0.807;8.603
7;2025-06-13;0.726;shape;holiday / bridge / pre-holiday;13645.0;-7.1;1.084;8.91
26;2025-05-08;0.726;drop;holiday / bridge / pre-holiday;10162.0;-11.857;-0.407;9.972
26;2025-07-21;0.724;shape;school break;10851.0;-5.205;-2.527;8.007
7;2025-04-01;0.723;spike;unknown;41300.0;3.695;5.935;-0.101
28;2025-05-09;0.722;drop;holiday / bridge / pre-holiday;4579.0;-9.643;-1.264;7.398
11;2025-04-04;0.719;drop;unknown;25388.0;-5.791;-6.216;2.898
28;2025-01-03;0.719;shape;holiday (New Year period);4760.0;-8.62;-1.168;9.836
25;2025-01-02;0.717;shape;holiday (New Year period);2971.0;-8.908;0.244;9.019
7;2025-07-25;0.714;drop;repairs: route 7 Jul-Aug;9948.0;-1.475;-9.485;2.172
12;2025-04-06;0.714;drop;holiday weekend;12921.0;-6.386;0.977;5.571
28;2025-01-06;0.714;shape;holiday (New Year period);5599.0;-6.98;0.42;9.87
25;2025-01-08;0.712;drop;holiday (New Year period);2952.0;-9.036;-1.03;7.369
11;2025-04-01;0.712;drop;unknown;25192.0;-6.007;-5.51;0.602
7;2025-07-10;0.711;drop;repairs: route 7 Jul-Aug;11742.0;-4.049;-7.663;2.15
7;2025-01-06;0.71;shape;holiday (New Year period);13533.0;-6.857;0.268;9.611
28;2025-01-08;0.709;shape;holiday (New Year period);4612.0;-9.099;-0.644;9.468
25;2025-05-02;0.709;drop;holiday / bridge / pre-holiday;3878.0;-7.822;0.962;5.635
28;2025-05-02;0.708;drop;holiday / bridge / pre-holiday;5190.0;-8.306;0.11;7.644
50;2025-08-26;0.702;shape;school break;16428.0;-4.791;-3.582;5.878
28;2025-09-22;0.702;drop;unknown;6295.0;-6.055;-5.915;1.407
7;2025-05-08;0.699;drop;holiday / bridge / pre-holiday;14577.0;-7.967;-0.154;7.247
25;2025-01-07;0.697;shape;holiday (New Year period);3119.0;-8.334;-0.43;8.838
28;2025-09-24;0.695;drop;unknown;6719.0;-5.517;-5.216;3.819
25;2025-06-13;0.695;drop;holiday / bridge / pre-holiday;4329.0;-6.062;2.031;4.956
7;2025-08-01;0.693;drop;repairs: route 7 Jul-Aug;10135.0;-1.265;-8.56;2.891
7;2025-08-05;0.69;drop;repairs: route 7 Jul-Aug;9876.0;-1.578;-9.613;1.3
7;2025-07-31;0.69;drop;repairs: route 7 Jul-Aug;10249.0;-1.139;-9.259;2.121
26;2025-04-05;0.69;spike;holiday weekend;19748.0;3.264;6.278;1.08
26;2025-07-15;0.686;shape;school break;12968.0;-2.272;-1.334;9.612
25;2025-01-06;0.682;shape;holiday (New Year period);3644.0;-6.638;-0.056;8.171
7;2025-07-29;0.676;drop;repairs: route 7 Jul-Aug;10382.0;-0.994;-9.108;1.894
17;2025-04-02;0.675;drop;unknown;42364.0;-5.824;-4.712;3.035
7;2025-07-11;0.674;drop;repairs: route 7 Jul-Aug;12079.0;0.33;-6.663;3.631
7;2025-06-12;0.672;shape;holiday / bridge / pre-holiday;13963.0;-6.926;-0.316;7.901
7;2025-07-30;0.668;drop;repairs: route 7 Jul-Aug;10233.0;-1.157;-9.359;1.186
7;2025-07-15;0.666;drop;repairs: route 7 Jul-Aug;10232.0;-1.356;-8.549;1.886
1;2025-03-31;0.665;drop;school break;16502.0;-5.421;-5.545;1.453
25;2025-05-08;0.664;shape;holiday / bridge / pre-holiday;5283.0;-4.411;2.344;4.943
50;2025-08-11;0.655;drop;school break;14702.0;-6.526;-3.553;1.147
17;2025-04-01;0.654;drop;unknown;43714.0;-5.008;-3.305;4.853
28;2025-05-08;0.647;drop;holiday / bridge / pre-holiday;5568.0;-7.585;-0.918;4.572
7;2025-07-21;0.643;drop;repairs: route 7 Jul-Aug;9710.0;-1.748;-8.134;1.64
7;2025-07-23;0.639;drop;repairs: route 7 Jul-Aug;11042.0;-0.299;-8.421;1.379
7;2025-07-28;0.638;drop;repairs: route 7 Jul-Aug;11321.0;0.122;-7.52;2.543
7;2025-08-06;0.637;drop;repairs: route 7 Jul-Aug;11297.0;-0.083;-8.428;-0.582
17;2025-04-03;0.635;drop;unknown;43580.0;-5.079;-4.047;3.335
12;2025-02-17;0.628;drop;unknown;29580.0;-5.058;-4.88;1.618
7;2025-08-04;0.626;drop;repairs: route 7 Jul-Aug;10172.0;-1.224;-7.646;2.404
12;2025-04-05;0.625;drop;holiday weekend;15357.0;-6.778;-2.952;2.232
7;2025-07-24;0.624;drop;repairs: route 7 Jul-Aug;10689.0;-0.665;-8.748;0.848
28;2025-06-12;0.618;drop;holiday / bridge / pre-holiday;5483.0;-6.826;-0.744;5.15
7;2025-07-18;0.618;drop;repairs: route 7 Jul-Aug;10980.0;-0.363;-8.735;0.686
11;2025-06-14;0.617;shape;holiday weekend;16035.0;-5.077;-0.252;5.588
17;2025-04-20;0.617;spike;holiday weekend;33660.0;9.293;-2.035;0.814
11;2025-03-31;0.616;drop;school break;26835.0;-5.011;-4.557;1.256
7;2025-08-07;0.614;drop;repairs: route 7 Jul-Aug;10706.0;-0.834;-8.386;0.001
7;2025-04-02;0.606;spike;unknown;39023.0;3.053;4.656;-0.224
12;2025-06-14;0.606;drop;holiday weekend;12998.0;-6.815;-2.577;1.989
7;2025-07-22;0.603;drop;repairs: route 7 Jul-Aug;11339.0;0.14;-7.987;-0.259
50;2025-07-15;0.6;shape;repairs: route 50 Jul;24500.0;-0.415;3.137;4.058
7;2025-07-17;0.6;drop;repairs: route 7 Jul-Aug;11657.0;0.312;-7.86;1.116
1;2025-01-09;0.597;spike;holiday (New Year period);23116.0;2.698;4.572;-0.612
28;2025-04-04;0.596;spike;unknown;15738.0;3.25;4.251;0.547
7;2025-07-14;0.591;drop;repairs: route 7 Jul-Aug;10982.0;-0.743;-7.945;0.992
1;2025-04-04;0.59;shape;unknown;18930.0;-2.951;-2.919;4.379
7;2025-03-31;0.583;spike;school break;37292.0;2.632;4.49;-0.838
25;2025-08-04;0.581;drop;school break;3771.0;-4.286;-2.894;3.647
50;2025-08-13;0.576;drop;school break;16534.0;-4.702;-3.269;0.248
7;2025-07-16;0.576;drop;repairs: route 7 Jul-Aug;11362.0;0.002;-7.709;0.685
50;2025-08-14;0.569;drop;school break;16507.0;-4.724;-2.974;0.185
50;2025-07-21;0.566;spike;repairs: route 50 Jul;25942.0;-0.07;5.016;2.106
1;2025-04-06;0.562;shape;holiday weekend;7239.0;-3.114;2.723;4.243
50;2025-08-31;0.557;spike;holiday weekend;8476.0;5.969;-0.674;3.091
17;2025-06-27;0.554;drop;school break;40030.0;-5.11;-2.638;2.08
17;2025-04-04;0.553;drop;unknown;44653.0;-4.415;-3.739;1.787
17;2025-04-19;0.552;spike;holiday weekend;40699.0;6.422;-2.134;0.031
1;2025-04-13;0.548;spike;holiday weekend;11368.0;2.292;5.23;0.201
28;2025-04-05;0.54;spike;holiday weekend;8767.0;1.247;4.842;3.229
28;2025-07-14;0.539;shape;school break;7482.0;-1.402;-1.425;5.909
50;2025-08-12;0.532;drop;school break;16773.0;-4.57;-2.702;0.404
17;2025-07-15;0.523;shape;school break;43874.0;-1.541;1.169;4.93
1;2025-04-05;0.517;shape;holiday weekend;10241.0;-1.098;2.839;4.73
1;2025-04-12;0.502;spike;holiday weekend;12235.0;1.388;5.648;-0.054
50;2025-08-07;0.499;spike;school break;27221.0;1.493;4.099;1.668
1;2025-01-04;0.491;drop;holiday (New Year period);6760.0;-4.361;-3.312;0.0
50;2025-07-16;0.489;spike;repairs: route 50 Jul;28336.0;1.611;4.556;-0.007
11;2025-04-26;0.488;spike;holiday weekend;26989.0;2.194;4.777;-0.44
12;2025-04-27;0.486;spike;holiday weekend;19393.0;0.418;5.826;-0.215
26;2025-06-01;0.482;spike;holiday weekend;11350.0;5.008;1.401;1.714
50;2025-04-16;0.481;shape;unknown;23697.0;-1.419;-1.954;4.281
7;2025-06-06;0.477;shape;school break;24288.0;-1.051;-0.797;5.403
28;2025-04-06;0.475;spike;holiday weekend;6010.0;-0.156;4.563;2.329
12;2025-04-13;0.473;spike;holiday weekend;20717.0;0.989;4.578;-1.47
26;2025-03-14;0.47;shape;unknown;18385.0;-2.734;-0.292;4.343
12;2025-09-19;0.457;shape;unknown;33351.0;-1.679;-1.578;4.297
50;2025-07-14;0.453;spike;repairs: route 50 Jul;27275.0;1.414;4.253;-0.188
28;2025-03-20;0.451;shape;unknown;10367.0;-1.277;-1.655;4.263
25;2025-04-05;0.448;shape;holiday weekend;5658.0;-0.774;0.853;5.668
12;2025-01-04;0.444;drop;holiday (New Year period);15940.0;-5.154;-1.533;1.957
50;2025-07-22;0.44;spike;repairs: route 50 Jul;28239.0;1.15;4.245;0.08
50;2025-08-04;0.434;spike;school break;24668.0;-0.734;4.253;0.612
50;2025-08-09;0.434;spike;holiday weekend;16146.0;1.417;4.853;-0.804
11;2025-06-29;0.432;shape;holiday weekend;17056.0;-0.674;-0.011;5.837
50;2025-07-17;0.429;spike;repairs: route 50 Jul;28367.0;1.278;4.074;0.212
50;2025-07-28;0.412;spike;repairs: route 50 Jul;26950.0;0.499;4.141;0.75
11;2025-08-20;0.408;shape;school break;29007.0;-0.86;0.292;4.373
50;2025-07-12;0.406;spike;repairs: route 50 Jul;15827.0;1.152;4.878;-0.066
50;2025-08-02;0.399;spike;holiday weekend;16183.0;0.127;4.514;-1.077
25;2025-06-27;0.397;shape;school break;5911.0;-0.197;-0.564;4.32
50;2025-04-06;0.394;shape;holiday weekend;10311.0;0.646;2.194;4.082
28;2025-01-04;0.391;shape;holiday (New Year period);4966.0;-2.294;-1.199;4.336
28;2025-05-25;0.386;spike;holiday weekend;7263.0;4.33;1.412;-0.643
1;2025-07-22;0.384;shape;school break;16647.0;-0.326;-0.469;4.129
50;2025-07-26;0.368;spike;repairs: route 50 Jul;16524.0;0.247;4.602;-0.446
12;2025-04-26;0.367;spike;holiday weekend;23063.0;1.535;4.23;0.052
50;2025-07-19;0.36;spike;repairs: route 50 Jul;15882.0;-0.029;4.58;-0.248
17;2025-09-13;0.359;shape;holiday weekend;35979.0;-1.129;0.0;4.867
1;2025-04-26;0.33;spike;holiday weekend;10832.0;0.674;4.197;0.12
7;2025-03-08;0.325;shape;holiday weekend;15949.0;-1.592;-0.12;4.307
7;2025-06-08;0.323;shape;holiday weekend;11000.0;-1.936;-0.433;4.159
50;2025-06-08;0.308;shape;holiday weekend;6522.0;-1.724;-0.829;4.098
26;2025-06-08;0.289;shape;holiday weekend;8614.0;-0.325;0.434;4.227
12;2025-03-08;0.287;shape;holiday weekend;22758.0;-0.471;0.308;4.264
11;2025-06-08;0.278;shape;holiday weekend;17606.0;-0.482;0.129;4.251
