fold;feats;n_train;base;gbm;w0.0;w0.1;w0.2;w0.3;w0.4;w0.5
2025-10-01;core;595512;0.9084230038950487;0.8744643474363667;0.9084230038950487;0.9068103856750079;0.9046055809655688;0.9019157642959577;0.8988111519357863;0.8953734854332085
2025-10-01;weather;595512;0.9084230038950487;0.8765222249755744;0.9084230038950487;0.9069691439392148;0.904944609399414;0.9024346396444203;0.8995081555033597;0.8962664323841573
2025-10-01;weather+traffic;595512;0.9084230038950487;0.881212899504107;0.9084230038950487;0.9072452950484013;0.905551281607913;0.9034238798803987;0.9009270562915056;0.8981796958403879
2025-09-15;core;558360;0.9061267384210901;0.8433362707880222;0.9061267384210901;0.9030974964118298;0.898982122398703;0.8940343472071524;0.8883088789845753;0.8819682184968582
2025-09-15;weather;558360;0.9061267384210901;0.8473765653924373;0.9061267384210901;0.9034718567577623;0.899845461361563;0.8953735761850681;0.8901722814142368;0.8842910605888941
2025-09-15;weather+traffic;558360;0.9061267384210901;0.8504583555719242;0.9061267384210901;0.9035480388271866;0.9000880754742125;0.8958392792724107;0.8909020554958573;0.8853639406858378
2025-02-01;n/a;3672;0.9048527715574202;;;;;;;
2025-03-01;core;35208;0.876721015344422;0.8763218278379143;0.876721015344422;0.8773413640737806;0.8778253055058889;0.8781770484378147;0.8783926480074957;0.8784331621283694
2025-03-01;weather;35208;0.876721015344422;0.8742617194557267;0.876721015344422;0.8767538428434909;0.8767299938493248;0.8766475126550668;0.876500481941666;0.8762879947719935
2025-03-01;weather+traffic;35208;0.876721015344422;0.8746126745773015;0.876721015344422;0.8767830252774222;0.8767896113336145;0.8767473062757621;0.8766486622188071;0.8764748953897417
2025-04-01;core;105840;0.8492402153966456;0.8386146602588367;0.8492402153966456;0.8486932545952064;0.8480273558390071;0.8472391254150221;0.8463234900834865;0.845293499129584
2025-04-01;weather;105840;0.8492402153966456;0.847361881756665;0.8492402153966456;0.8503597400773666;0.8511992037940636;0.8517133497113406;0.8519141451908595;0.8518387650390292
2025-04-01;weather+traffic;105840;0.8492402153966456;0.8477494775829402;0.8492402153966456;0.850341103475807;0.8511715035371568;0.851694183256025;0.8519221553620826;0.8519051351181486
2025-09-01;core;523152;0.8211772989779897;0.7977500568687097;0.8211772989779897;0.8197920655197258;0.8181080653252316;0.8161471025832383;0.8139647409793187;0.8116128577237582
2025-09-01;weather;523152;0.8211772989779897;0.8082164102411189;0.8211772989779897;0.8206956718042931;0.8199607655229917;0.8190198453531069;0.8179216298363773;0.8166510495134768
2025-09-01;weather+traffic;523152;0.8211772989779897;0.811966169709394;0.8211772989779897;0.8210240260709689;0.8206441673110815;0.8200569871191057;0.8193223478915039;0.8184373677744159
