fold;train;method;cov80;cov80_w;below_p10;above_p90;pinball_pct;rel_width
2025-10-01;all;conf_hdh_x1.0;0.8605631428089698;0.9220506745767519;0.04215140785702243;0.09728544933400776;3.3016977093486854;0.4688437753668731
2025-10-01;all;conf_hdh_x1.15;0.8904063395717416;0.9450733033561808;0.031529253077052774;0.07806440735120553;3.4696225041788904;0.5388202833138306
2025-10-01;all;conf_hdh_x1.3;0.9108076209745406;0.960221669676037;0.025122239082785366;0.06407013994267409;3.655288935931512;0.6087932143076146
2025-10-01;all;conf_hdh_x1.5;0.9293542404316304;0.9709723038537145;0.019052436351374137;0.051593323216995446;3.9183748107969403;0.70208917460075
2025-10-01;all;conf_rbdh_x1.0;0.8573596358118362;0.9027617436961021;0.05344798516270444;0.08919237902545946;3.4214669812056826;0.5071253723397688
2025-10-01;all;conf_rbdh_x1.15;0.8899005226774575;0.93303607445115;0.039790929017029165;0.0703085483055134;3.5969797986407883;0.5826974099836039
2025-10-01;all;conf_rbdh_x1.3;0.9124936772888215;0.9532097284119622;0.031023436182768503;0.05648288652841005;3.7936472711754563;0.6582535317233785
2025-10-01;all;conf_rbdh_x1.5;0.9349182262687574;0.9730910983235368;0.02276176024279211;0.04232001348845051;4.07743805172523;0.7589420157572461
2025-10-01;all;lgb_q;0.821446636317653;0.850463333034137;0.05783173157983477;0.12072163210251223;3.1618346647013658;0.3952880069141249
2025-10-01;last16w;conf_hdh_x1.0;0.8895633114146012;0.9506123207035645;0.03304670375990558;0.07738998482549317;3.589625696575988;0.5816813384772167
2025-10-01;last16w;conf_hdh_x1.15;0.913673916708818;0.965637476657766;0.024953633451357274;0.06137244983982465;3.829320893531813;0.6685802765471875
2025-10-01;last16w;conf_hdh_x1.3;0.928679817905918;0.9746298656174512;0.019895464508514583;0.05142471758556736;4.081669356734485;0.7554774566439248
2025-10-01;last16w;conf_hdh_x1.5;0.9425054796830215;0.9821587152337508;0.015343112459956162;0.04215140785702243;4.429411423429421;0.8713402234503388
2025-10-01;last16w;conf_rbdh_x1.0;0.8676445793289496;0.9118236087710644;0.05041308379699882;0.0819423368740516;3.5300362016895166;0.5510270637785712
2025-10-01;last16w;conf_rbdh_x1.15;0.9032203675602765;0.9420656989758858;0.03355252065418985;0.06322711178553364;3.7343977308327907;0.6332101014925713
2025-10-01;last16w;conf_rbdh_x1.3;0.9253077052773563;0.9584643326425581;0.02259315461136402;0.05209914011127972;3.958946587469024;0.7153488120945083
2025-10-01;last16w;conf_rbdh_x1.5;0.9453717754172989;0.9735999843792263;0.013151239251390997;0.041476985331310064;4.273252533210554;0.8240920532843461
2025-09-15;all;conf_hdh_x1.0;0.8866324481142602;0.9399300331159087;0.05846909172059808;0.05489846016514171;3.374277379449691;0.4852384226134818
2025-09-15;all;conf_hdh_x1.15;0.913858513724615;0.9613307537818812;0.04407498326266458;0.04206650301272037;3.5602572134846238;0.557660884864434
2025-09-15;all;conf_hdh_x1.3;0.9310421780852488;0.9724786154814475;0.035036822137915646;0.03392099977683553;3.762292444064952;0.6300805103474608
2025-09-15;all;conf_hdh_x1.5;0.9457710332515064;0.9816719268855651;0.027449230082570854;0.026779736665922784;4.046788725323867;0.7266391780371535
2025-09-15;all;conf_rbdh_x1.0;0.874916313322919;0.911612271813925;0.06795358178977906;0.05713010488730194;3.53891965284263;0.5283051707753298
2025-09-15;all;conf_rbdh_x1.15;0.9056014282526221;0.9420678035738531;0.051327828609685336;0.04307074313769248;3.7314881047632484;0.6070368991013919
2025-09-15;all;conf_rbdh_x1.3;0.9253514840437402;0.9606180626814851;0.0403927694711002;0.03425574648515956;3.9462875874091314;0.6857486511097949
2025-09-15;all;conf_rbdh_x1.5;0.9436509707654541;0.976208331924271;0.03124302611024325;0.02510600312430261;4.251327632461101;0.7906452640521712
2025-09-15;all;lgb_q;0.8601874581566614;0.8946273084857181;0.07632224949787994;0.06349029234545861;3.320128854912556;0.4520972840274131
2025-09-15;last16w;conf_hdh_x1.0;0.9118500334746709;0.9682431508214875;0.051550993081901364;0.03659897344342781;3.7584234459198806;0.6242107278231788
2025-09-15;last16w;conf_hdh_x1.15;0.9317116715018969;0.97820093952069;0.038495871457264005;0.029792457040839097;4.028724806802675;0.7174946832747439
2025-09-15;last16w;conf_hdh_x1.3;0.9435393885293462;0.9838680451418139;0.03124302611024325;0.025217585360410622;4.3095261913598675;0.8107620733293631
2025-09-15;last16w;conf_hdh_x1.5;0.9529122963624191;0.9883343773012931;0.025998661013166703;0.021089042624414193;4.692525923454486;0.9351185934021885
2025-09-15;last16w;conf_rbdh_x1.0;0.884623967864316;0.9371845572154169;0.06906940415085919;0.046306627984824815;3.8566622128778016;0.6421557293704685
2025-09-15;last16w;conf_rbdh_x1.15;0.913189020307967;0.9581144575850371;0.05233206873465744;0.03447891095737558;4.118150980060252;0.7379933715065633
2025-09-15;last16w;conf_rbdh_x1.3;0.9320464182102209;0.9724920415319225;0.03972327605445213;0.028230305735326935;4.396240804107935;0.8337713895742697
2025-09-15;last16w;conf_rbdh_x1.5;0.9523543851818791;0.9829131803941303;0.026891318902030798;0.020754295916090158;4.781834944701118;0.9613965933976012
2025-03-01;all;conf_hdh_x1.0;0.6746472851646003;0.761931189216978;0.13116716545532278;0.19418554938007695;4.452813406829665;0.30262166204706753
2025-03-01;all;conf_hdh_x1.15;0.7224454895254382;0.8052650318470319;0.11321077383497222;0.16434373663958957;4.445470628839705;0.3478436558755555
2025-03-01;all;conf_hdh_x1.3;0.759640872167593;0.8371189914311017;0.09884566053869175;0.14151346729371525;4.464729338612126;0.393063997560917
2025-03-01;all;conf_hdh_x1.5;0.7998289867464728;0.8701128925838404;0.08328345446772124;0.1168875587858059;4.520485231004118;0.4533462551632021
2025-03-01;all;conf_rbdh_x1.0;0.639760581445062;0.6920451734771971;0.1327917913638307;0.2274476271911073;4.506564288531825;0.26910876840314
2025-03-01;all;conf_rbdh_x1.15;0.6885848653270629;0.7422966206525834;0.11705857203933305;0.1943565626336041;4.4774255159691005;0.3093887888187675
2025-03-01;all;conf_rbdh_x1.3;0.7310816588285592;0.7863826085142688;0.1013253527148354;0.1675929884566054;4.475287097599689;0.34965180587944944
2025-03-01;all;conf_rbdh_x1.5;0.7722103463018384;0.8261995631619667;0.08935442496793501;0.1384352287302266;4.503771354891879;0.403290229953097
2025-03-01;all;lgb_q;0.646002565198803;0.6355539660016652;0.129115006412997;0.22488242838820008;4.4813613167604975;0.23319183831083912
2025-03-01;last16w;conf_hdh_x1.0;0.6746472851646003;0.761931189216978;0.13116716545532278;0.19418554938007695;4.452813406829665;0.30262166204706753
2025-03-01;last16w;conf_hdh_x1.15;0.7224454895254382;0.8052650318470319;0.11321077383497222;0.16434373663958957;4.445470628839705;0.3478436558755555
2025-03-01;last16w;conf_hdh_x1.3;0.759640872167593;0.8371189914311017;0.09884566053869175;0.14151346729371525;4.464729338612126;0.393063997560917
2025-03-01;last16w;conf_hdh_x1.5;0.7998289867464728;0.8701128925838404;0.08328345446772124;0.1168875587858059;4.520485231004118;0.4533462551632021
2025-03-01;last16w;conf_rbdh_x1.0;0.639760581445062;0.6920451734771971;0.1327917913638307;0.2274476271911073;4.506564288531825;0.26910876840314
2025-03-01;last16w;conf_rbdh_x1.15;0.6885848653270629;0.7422966206525834;0.11705857203933305;0.1943565626336041;4.4774255159691005;0.3093887888187675
2025-03-01;last16w;conf_rbdh_x1.3;0.7310816588285592;0.7863826085142688;0.1013253527148354;0.1675929884566054;4.475287097599689;0.34965180587944944
2025-03-01;last16w;conf_rbdh_x1.5;0.7722103463018384;0.8261995631619667;0.08935442496793501;0.1384352287302266;4.503771354891879;0.403290229953097
2025-04-01;all;conf_hdh_x1.0;0.6543389135633755;0.7074604336899059;0.1932012299282542;0.15245985650837035;5.394064699565237;0.31202156780194984
2025-04-01;all;conf_hdh_x1.15;0.7063546293132901;0.7566595326394829;0.16339255210112744;0.13025281858558252;5.33130510619633;0.35853324663701475
2025-04-01;all;conf_hdh_x1.3;0.7519644687393235;0.7962293457270044;0.13734198838401093;0.11069354287666552;5.306417693159198;0.40501375850571786
2025-04-01;all;conf_hdh_x1.5;0.8015886573283225;0.8408198743899054;0.1076187222412026;0.09079262043047488;5.319237991545205;0.4669540797938891
2025-04-01;all;conf_rbdh_x1.0;0.6200034164673728;0.6395455256668351;0.21967885206696275;0.1603177314656645;5.43802415792475;0.2669075527301302
2025-04-01;all;conf_rbdh_x1.15;0.6743252476938846;0.7001943396297827;0.18816194055346772;0.13751281175264776;5.35118641620631;0.30666377892925595
2025-04-01;all;conf_rbdh_x1.3;0.7190809702767339;0.7472065238460033;0.16236761188930646;0.11855141783395969;5.301686221624962;0.34641334973729154
2025-04-01;all;conf_rbdh_x1.5;0.7716945678168774;0.7982625313950747;0.1325589340621797;0.09574649812094295;5.279408903768964;0.39939622663147795
2025-04-01;all;lgb_q;0.6109497779296208;0.6288495581920077;0.227963785445849;0.16108643662453023;5.452041527695826;0.2493889710927157
2025-04-01;last16w;conf_hdh_x1.0;0.6543389135633755;0.7074604336899059;0.1932012299282542;0.15245985650837035;5.394064699565237;0.31202156780194984
2025-04-01;last16w;conf_hdh_x1.15;0.7063546293132901;0.7566595326394829;0.16339255210112744;0.13025281858558252;5.33130510619633;0.35853324663701475
2025-04-01;last16w;conf_hdh_x1.3;0.7519644687393235;0.7962293457270044;0.13734198838401093;0.11069354287666552;5.306417693159198;0.40501375850571786
2025-04-01;last16w;conf_hdh_x1.5;0.8015886573283225;0.8408198743899054;0.1076187222412026;0.09079262043047488;5.319237991545205;0.4669540797938891
2025-04-01;last16w;conf_rbdh_x1.0;0.6200034164673728;0.6395455256668351;0.21967885206696275;0.1603177314656645;5.43802415792475;0.2669075527301302
2025-04-01;last16w;conf_rbdh_x1.15;0.6743252476938846;0.7001943396297827;0.18816194055346772;0.13751281175264776;5.35118641620631;0.30666377892925595
2025-04-01;last16w;conf_rbdh_x1.3;0.7190809702767339;0.7472065238460033;0.16236761188930646;0.11855141783395969;5.301686221624962;0.34641334973729154
2025-04-01;last16w;conf_rbdh_x1.5;0.7716945678168774;0.7982625313950747;0.1325589340621797;0.09574649812094295;5.279408903768964;0.39939622663147795
2025-09-01;all;conf_hdh_x1.0;0.634017094017094;0.5960781097575414;0.05128205128205128;0.3147008547008547;6.018017584975496;0.47678211648796237
2025-09-01;all;conf_hdh_x1.15;0.6888034188034188;0.6549816539699919;0.04264957264957265;0.2685470085470085;5.913174664650687;0.5478973929696022
2025-09-01;all;conf_hdh_x1.3;0.7388034188034188;0.7126452985348108;0.037264957264957266;0.22393162393162394;5.8608996934400315;0.6190090208991073
2025-09-01;all;conf_hdh_x1.5;0.7927350427350427;0.7786249893956982;0.03341880341880342;0.17384615384615384;5.8605448942372504;0.7138234539792956
2025-09-01;all;conf_rbdh_x1.0;0.6429059829059829;0.5412294466679285;0.05504273504273504;0.30205128205128207;6.105356230427853;0.5171236736824091
2025-09-01;all;conf_rbdh_x1.15;0.697008547008547;0.6067292193712877;0.04752136752136752;0.2554700854700855;6.00516541322698;0.5941357466092454
2025-09-01;all;conf_rbdh_x1.3;0.7475213675213676;0.6710346458414124;0.0411965811965812;0.21128205128205127;5.961629821159858;0.671125595624286
2025-09-01;all;conf_rbdh_x1.5;0.8116239316239316;0.7570977472778111;0.03623931623931624;0.15213675213675212;5.985460374687915;0.7737423976084861
2025-09-01;all;lgb_q;0.5631623931623931;0.4530138091921929;0.08;0.35683760683760685;6.23577878547362;0.394810921985294
2025-09-01;last16w;conf_hdh_x1.0;0.6445299145299145;0.6061329479143357;0.05102564102564103;0.30444444444444446;6.00854228113662;0.49538854571129304
2025-09-01;last16w;conf_hdh_x1.15;0.7021367521367521;0.6737952925211329;0.04230769230769231;0.25555555555555554;5.91893154170251;0.5693174253832997
2025-09-01;last16w;conf_hdh_x1.3;0.7505982905982906;0.7323917236110482;0.037606837606837605;0.2117948717948718;5.887240802282909;0.6432285690705489
2025-09-01;last16w;conf_hdh_x1.5;0.8041880341880342;0.795106152000375;0.032136752136752135;0.16367521367521368;5.9137701976929495;0.7417727539489934
2025-09-01;last16w;conf_rbdh_x1.0;0.6630769230769231;0.6124948232974431;0.06068376068376068;0.27623931623931625;5.796645635820565;0.5065339376177741
2025-09-01;last16w;conf_rbdh_x1.15;0.7230769230769231;0.6891587107615355;0.052307692307692305;0.2246153846153846;5.720377620554644;0.5820707080537544
2025-09-01;last16w;conf_rbdh_x1.3;0.7736752136752136;0.7462996279360194;0.045042735042735045;0.18128205128205127;5.70586938428029;0.6575607092115912
2025-09-01;last16w;conf_rbdh_x1.5;0.8268376068376069;0.8132168880384888;0.0388034188034188;0.13435897435897437;5.760003209739295;0.7581208678879952
