route;direction_id;stop_sequence;stop_id;stop_name;stop_lat;stop_lon;weight
1;0;1;2594;Чертаново Южное;55.59468022;37.59088377;0.022727272727272728
1;0;2;2595;Чертаново Южное;55.59657683;37.58807507;0.022727272727272728
1;0;3;7879;Поликлиника;55.59872098;37.58852605;0.022727272727272728
1;0;4;2597;"ОВД ""Чертаново Южное""";55.60048714;37.58896473;0.022727272727272728
1;0;5;3804;Чертановская улица, 53;55.60246308;37.58945246;0.022727272727272728
1;0;6;7880;Кировоградские пруды;55.60611312;37.5903004;0.022727272727272728
1;0;7;2598;Чертановская улица, 44;55.60899713;37.59102749;0.022727272727272728
1;0;8;2599;Чертаново Центральное;55.61351128;37.59215968;0.022727272727272728
1;0;9;2600;Детская стоматологическая поликлиника;55.61623051;37.59299208;0.022727272727272728
1;0;10;3805;Чертановская улица, 28;55.61949019;37.59394526;0.022727272727272728
1;0;11;7883;"Кинотеатр ""Ашхабад""";55.62456713;37.59605983;0.022727272727272728
1;0;12;2602;Школьный парк;55.62849035;37.59899743;0.022727272727272728
1;0;13;2603;Футбольная школа Чертаново;55.63118209;37.60102877;0.022727272727272728
1;0;14;2604;Сумской проезд;55.63486141;37.60393742;0.022727272727272728
1;0;15;2605;Верхний Чертановский пруд;55.63774302;37.60526029;0.022727272727272728
1;0;16;2606;"Метро ""Чертановская""";55.64036325;37.60573152;0.022727272727272728
1;0;17;2607;Балаклавский проспект;55.64306927;37.60569728;0.022727272727272728
1;0;18;2608;Черноморский бульвар;55.6451741;37.60565615;0.022727272727272728
1;0;19;2609;Симферопольский бульвар, 20;55.64941433;37.60557104;0.022727272727272728
1;0;20;2610;"Метро ""Каховская""";55.65288042;37.60563747;0.022727272727272728
1;0;21;2611;Болотниковская улица;55.65634537;37.60558607;0.022727272727272728
1;0;22;2612;Москворецкий рынок;55.65841001;37.60862856;0.022727272727272728
1;1;1;2612;Москворецкий рынок;55.65841001;37.60862856;0.022727272727272728
1;1;2;2613;Болотниковская улица;55.65619014;37.60520769;0.022727272727272728
1;1;3;2614;"Метро ""Каховская""";55.65352634;37.60513109;0.022727272727272728
1;1;4;2615;Симферопольский бульвар, 20;55.64911174;37.60538678;0.022727272727272728
1;1;5;2616;Черноморский бульвар;55.64561675;37.60545188;0.022727272727272728
1;1;6;2617;Балаклавский проспект;55.64261869;37.6055104;0.022727272727272728
1;1;7;2618;"Метро ""Чертановская""";55.64029108;37.60549058;0.022727272727272728
1;1;8;2619;Верхний Чертановский пруд;55.63783765;37.60508089;0.022727272727272728
1;1;9;2620;Сумской проезд;55.6339017;37.60309472;0.022727272727272728
1;1;10;2621;Футбольная школа Чертаново;55.63134129;37.60087457;0.022727272727272728
1;1;11;2622;Школьный парк;55.62872139;37.59842823;0.022727272727272728
1;1;12;2623;"Кинотеатр ""Ашхабад""";55.62422888;37.59565143;0.022727272727272728
1;1;13;3806;Чертановская улица, 28;55.61971205;37.5937583;0.022727272727272728
1;1;14;2625;Детская стоматологическая поликлиника;55.61639525;37.59277378;0.022727272727272728
1;1;15;2626;Чертаново Центральное;55.6117993;37.59149031;0.022727272727272728
1;1;16;7884;Чертановская улица, 44;55.60913901;37.59083221;0.022727272727272728
1;1;17;7885;Кировоградские пруды;55.60600164;37.59010077;0.022727272727272728
1;1;18;3807;Чертановская улица, 53;55.60254477;37.5892918;0.022727272727272728
1;1;19;2627;"ОВД ""Чертаново Южное""";55.60080494;37.5888636;0.022727272727272728
1;1;20;2596;Поликлиника;55.5989509;37.58842431;0.022727272727272728
1;1;21;2628;Чертаново Южное;55.59667811;37.58788823;0.022727272727272728
1;1;22;2594;Чертаново Южное;55.59468022;37.59088377;0.022727272727272728
2;0;1;8499;Курский вокзал;55.75561588;37.66015268;0.022727272727272728
2;0;2;8500;3-й Сыромятнический переулок;55.75303592;37.66381365;0.022727272727272728
2;0;3;13143;Дом культуры Метростроя;55.75139494;37.66501994;0.022727272727272728
2;0;4;4023;Костомаровский мост;55.74738145;37.66850777;0.022727272727272728
2;0;5;22022;Хлебников переулок;55.74701593;37.67409047;0.022727272727272728
2;0;6;8459;"Метро ""Площадь Ильича""";55.74677458;37.68172587;0.022727272727272728
2;0;7;7605;МЦД Москва-Товарная;55.7473783;37.68947773;0.022727272727272728
2;0;8;15495;Старообрядческая улица;55.74765675;37.69341695;0.022727272727272728
2;0;9;6029;Душинская улица;55.74870511;37.7020464;0.022727272727272728
2;0;10;22096;Горбатый путепровод;55.74993524;37.70844553;0.022727272727272728
2;0;11;5342;"Метро ""Авиамоторная""";55.75150237;37.7161645;0.022727272727272728
2;0;12;1009095;"Метро ""Авиамоторная""";55.75236271;37.72082716;0.022727272727272728
2;0;13;6266;"Дом культуры ""Компрессор""";55.75291464;37.72378877;0.022727272727272728
2;0;14;6087;Улица Буракова;55.75545612;37.73668507;0.022727272727272728
2;0;15;3940;Проспект Будённого;55.75681791;37.74327506;0.022727272727272728
2;0;16;1001340;МЦК Шоссе Энтузиастов;55.75891686;37.74822061;0.022727272727272728
2;0;17;3932;"Метро ""Шоссе Энтузиастов""";55.75855793;37.75253621;0.022727272727272728
2;0;18;3938;Улица Плеханова;55.75935534;37.75667589;0.022727272727272728
2;0;19;1002766;Главная аллея;55.76169944;37.76855408;0.022727272727272728
2;0;20;4508;"Кинотеатр ""Слава""";55.76271348;37.77393824;0.022727272727272728
2;0;21;15244;2-я Владимирская улица;55.76342582;37.77767661;0.022727272727272728
2;0;22;10509;3-я Владимирская улица;55.76451257;37.7825166;0.022727272727272728
2;1;1;10509;3-я Владимирская улица;55.76451257;37.7825166;0.022727272727272728
2;1;2;15245;2-я Владимирская улица;55.76355907;37.77770386;0.022727272727272728
2;1;3;3937;"Кинотеатр ""Слава""";55.76277179;37.77364276;0.022727272727272728
2;1;4;1002767;Главная аллея;55.76190454;37.76920278;0.022727272727272728
2;1;5;3933;Улица Плеханова;55.75945168;37.75660188;0.022727272727272728
2;1;6;3939;"Метро ""Шоссе Энтузиастов""";55.75865873;37.75218526;0.022727272727272728
2;1;7;1001339;МЦК Шоссе Энтузиастов;55.75892135;37.74843478;0.022727272727272728
2;1;8;3931;Проспект Будённого;55.75675722;37.7423284;0.022727272727272728
2;1;9;6090;Улица Буракова;55.75561843;37.73695626;0.022727272727272728
2;1;10;6264;"Дом культуры ""Компрессор""";55.75309599;37.72392332;0.022727272727272728
2;1;11;1009094;"Метро ""Авиамоторная""";55.75246234;37.72077085;0.022727272727272728
2;1;12;14572;"Метро ""Авиамоторная""";55.75147797;37.71547704;0.022727272727272728
2;1;13;22095;Горбатый путепровод;55.75019468;37.70916248;0.022727272727272728
2;1;14;6009;Душинская улица;55.74863737;37.70119769;0.022727272727272728
2;1;15;15496;Старообрядческая улица;55.74786714;37.69482339;0.022727272727272728
2;1;16;7606;МЦД Москва-Товарная;55.74743741;37.68921718;0.022727272727272728
2;1;17;14922;"Метро ""Площадь Ильича""";55.74687906;37.68165749;0.022727272727272728
2;1;18;22021;Хлебников переулок;55.74709863;37.67372764;0.022727272727272728
2;1;19;4083;Костомаровский мост;55.74753346;37.66858237;0.022727272727272728
2;1;20;6054;Дом культуры Метростроя;55.75116833;37.66537738;0.022727272727272728
2;1;21;15357;3-й Сыромятнический переулок;55.75342677;37.66370543;0.022727272727272728
2;1;22;8499;Курский вокзал;55.75561588;37.66015268;0.022727272727272728
3;0;1;7607;"Метро ""Чертановская""";55.64377022;37.60424809;0.013513513513513514
3;0;2;2608;Черноморский бульвар;55.6451741;37.60565615;0.013513513513513514
3;0;3;2609;Симферопольский бульвар, 20;55.64941433;37.60557104;0.013513513513513514
3;0;4;2610;"Метро ""Каховская""";55.65288042;37.60563747;0.013513513513513514
3;0;5;2611;Болотниковская улица;55.65634537;37.60558607;0.013513513513513514
3;0;6;7881;Фруктовая улица;55.66063116;37.61039681;0.013513513513513514
3;0;7;7882;Нахимовский проспект;55.66284786;37.61319437;0.013513513513513514
3;0;8;10779;Симферопольский бульвар;55.66408781;37.61519163;0.013513513513513514
3;0;9;7608;Хлебозаводский проезд;55.66903712;37.62532668;0.013513513513513514
3;0;10;7609;1-й Нагатинский проезд;55.6754392;37.6266279;0.013513513513513514
3;0;11;7610;Нижние Котлы;55.67836167;37.62557022;0.013513513513513514
3;0;12;7611;Платформа Нагатинская;55.68141958;37.62454811;0.013513513513513514
3;0;13;6713;"Метро ""Нагатинская""";55.68405212;37.62392124;0.013513513513513514
3;0;14;6714;МЦК Верхние Котлы;55.69006708;37.62243562;0.013513513513513514
3;0;15;6715;"Стадион ""Труд""";55.6957588;37.6213561;0.013513513513513514
3;0;16;6716;Даниловская мануфактура;55.70118813;37.62172581;0.013513513513513514
3;0;17;6717;Платформа Тульская;55.70439425;37.62307355;0.013513513513513514
3;0;18;6718;"Метро ""Тульская""";55.70892068;37.62464873;0.013513513513513514
3;0;19;6719;Серпуховская Застава;55.71139732;37.62533823;0.013513513513513514
3;0;20;6743;Свято-Данилов монастырь;55.71154065;37.63144595;0.013513513513513514
3;0;21;1000401;Улица Даниловский Вал;55.71433792;37.63341427;0.013513513513513514
3;0;22;6720;1-й Павловский переулок;55.71652244;37.63355754;0.013513513513513514
3;0;23;6722;Дубининская улица, 57;55.71992;37.63502524;0.013513513513513514
3;0;24;6723;Жуков проезд;55.72398833;37.63669657;0.013513513513513514
3;0;25;20893;Стремянный переулок;55.72715482;37.63744234;0.013513513513513514
3;0;26;1002102;Павелецкий вокзал;55.73048332;37.63646275;0.013513513513513514
3;0;27;7573;"Метро ""Павелецкая""";55.73154392;37.63556587;0.013513513513513514
3;0;28;7574;Вишняковский переулок;55.73575699;37.63255825;0.013513513513513514
3;0;29;9356;"Метро ""Третьяковская""";55.74046353;37.62985177;0.013513513513513514
3;0;30;7575;"Метро ""Новокузнецкая""";55.74203117;37.62982857;0.013513513513513514
3;0;31;7576;Комиссариатский мост;55.74430251;37.63462863;0.013513513513513514
3;0;32;7577;Яузские Ворота;55.75014315;37.6421953;0.013513513513513514
3;0;33;7578;Воронцово Поле;55.75269798;37.64749049;0.013513513513513514
3;0;34;14190;Казарменный переулок;55.75642458;37.64853498;0.013513513513513514
3;0;35;7580;Покровские Ворота;55.75917154;37.64646608;0.013513513513513514
3;0;36;7581;Большой Харитоньевский переулок;55.76315028;37.64290262;0.013513513513513514
3;0;37;7582;"Метро ""Чистые пруды""";55.7646289;37.63875577;0.013513513513513514
3;1;1;7582;"Метро ""Чистые пруды""";55.7646289;37.63875577;0.013513513513513514
3;1;2;7583;Большой Харитоньевский переулок;55.76306613;37.6411424;0.013513513513513514
3;1;3;7584;Покровские Ворота;55.75944056;37.64504413;0.013513513513513514
3;1;4;7585;Казарменный переулок;55.75613895;37.64778819;0.013513513513513514
3;1;5;7586;Воронцово Поле;55.75329104;37.64686429;0.013513513513513514
3;1;6;16121;Яузские Ворота;55.75004762;37.64193499;0.013513513513513514
3;1;7;7587;Комиссариатский мост;55.74443474;37.63439908;0.013513513513513514
3;1;8;7588;"Метро ""Новокузнецкая""";55.74257538;37.63027594;0.013513513513513514
3;1;9;9358;"Метро ""Третьяковская""";55.74042022;37.62963285;0.013513513513513514
3;1;10;7589;Вишняковский переулок;55.73589399;37.63204728;0.013513513513513514
3;1;11;7590;"Метро ""Павелецкая""";55.73156491;37.63522027;0.013513513513513514
3;1;12;6680;Павелецкий вокзал;55.72951903;37.63655504;0.013513513513513514
3;1;13;6681;Стремянный переулок;55.72696756;37.63706563;0.013513513513513514
3;1;14;6682;Жуков проезд;55.72380844;37.63630471;0.013513513513513514
3;1;15;6683;Дубининская улица, 57;55.719588;37.63463724;0.013513513513513514
3;1;16;6684;1-й Павловский переулок;55.71656563;37.63332082;0.013513513513513514
3;1;17;6742;Улица Даниловский Вал;55.71408193;37.63306356;0.013513513513513514
3;1;18;10044;Свято-Данилов монастырь;55.71169436;37.63110098;0.013513513513513514
3;1;19;1008969;Серпуховская Застава;55.71093748;37.62447375;0.013513513513513514
3;1;20;6686;"Метро ""Тульская""";55.70859507;37.62439705;0.013513513513513514
3;1;21;6687;Платформа Тульская;55.70452786;37.62297112;0.013513513513513514
3;1;22;6688;Даниловская мануфактура;55.70107349;37.62149439;0.013513513513513514
3;1;23;1002799;"Стадион ""Труд""";55.69573134;37.62120628;0.013513513513513514
3;1;24;3523;МЦК Верхние Котлы;55.68972473;37.62231566;0.013513513513513514
3;1;25;15388;"Метро ""Нагатинская""";55.68431249;37.62358155;0.013513513513513514
3;1;26;7612;Платформа Нагатинская;55.68051308;37.62465441;0.013513513513513514
3;1;27;1000607;Нижние Котлы;55.67852212;37.62532275;0.013513513513513514
3;1;28;3038;1-й Нагатинский проезд;55.67542781;37.62646871;0.013513513513513514
3;1;29;3037;Хлебозаводский проезд;55.66939914;37.62533477;0.013513513513513514
3;1;30;7887;Симферопольский бульвар;55.66420414;37.61497616;0.013513513513513514
3;1;31;10787;Нахимовский проспект;55.6630552;37.61272286;0.013513513513513514
3;1;32;7890;Фруктовая улица;55.66076812;37.60999093;0.013513513513513514
3;1;33;2613;Болотниковская улица;55.65619014;37.60520769;0.013513513513513514
3;1;34;2614;"Метро ""Каховская""";55.65352634;37.60513109;0.013513513513513514
3;1;35;2615;Симферопольский бульвар, 20;55.64911174;37.60538678;0.013513513513513514
3;1;36;2616;Черноморский бульвар;55.64561675;37.60545188;0.013513513513513514
3;1;37;7607;"Метро ""Чертановская""";55.64377022;37.60424809;0.013513513513513514
4;0;1;8605;"Метро ""Бульвар Рокоссовского""";55.81425897;37.73418276;0.0125
4;0;2;8604;"Метро ""Бульвар Рокоссовского""";55.81522012;37.7329065;0.0125
4;0;3;3693;5-й проезд Подбельского;55.81686572;37.72699156;0.0125
4;0;4;3694;3-й проезд Подбельского;55.81835183;37.72173105;0.0125
4;0;5;3695;Игральная улица;55.81836239;37.71625979;0.0125
4;0;6;3696;Погонный проезд;55.81977294;37.70979649;0.0125
4;0;7;3697;Ланинский переулок;55.81903485;37.70534718;0.0125
4;0;8;3698;Богородское;55.81702234;37.7008883;0.0125
4;0;9;4531;Богородский храм;55.81493563;37.69426254;0.0125
4;0;10;3656;Богатырский мост;55.81701221;37.68872806;0.0125
4;0;11;7120;Ростокинский проезд;55.81570202;37.68489199;0.0125
4;0;12;3699;Большая Ширяевская улица;55.81055324;37.6852145;0.0125
4;0;13;3700;2-й Ширяевский переулок;55.8087641;37.68764082;0.0125
4;0;14;7114;Большая Оленья улица;55.8056826;37.6916174;0.0125
4;0;15;7115;Майский просек;55.80262127;37.68838214;0.0125
4;0;16;3701;Улица Короленко;55.79949205;37.68612005;0.0125
4;0;17;7116;Охотничья улица;55.79579391;37.682814;0.0125
4;0;18;7117;"ПКиО ""Сокольники""";55.79263076;37.68047038;0.0125
4;0;19;3950;2-й Полевой переулок;55.79027197;37.68156037;0.0125
4;0;20;1002188;"Метро ""Сокольники""";55.78931715;37.68092463;0.0125
4;0;21;6164;МЦД Митьково;55.78526693;37.67560718;0.0125
4;0;22;6165;Леснорядская улица;55.78170137;37.67039099;0.0125
4;0;23;6166;"Метро ""Красносельская""";55.77971829;37.66659557;0.0125
4;0;24;10745;Нижняя Красносельская улица;55.77887804;37.66688661;0.0125
4;0;25;10604;Ольховская улица;55.77660998;37.66984771;0.0125
4;0;26;4167;Поликлиника;55.77707564;37.67372519;0.0125
4;0;27;10603;Басманный двор;55.7751935;37.67773965;0.0125
4;0;28;1000866;"Метро ""Бауманская""";55.77263602;37.67843822;0.0125
4;0;29;1001044;Аптекарский переулок;55.76913697;37.67929408;0.0125
4;0;30;4197;МГТУ имени Н.Э. Баумана;55.76561047;37.67997633;0.0125
4;0;31;10755;Лефортовская набережная;55.76279897;37.68146317;0.0125
4;0;32;6063;Лефортовский мост;55.76129453;37.68640589;0.0125
4;0;33;6064;Красноказарменная площадь;55.75800291;37.68538608;0.0125
4;0;34;5324;Библиотека имени Грина;55.75550749;37.68190906;0.0125
4;0;35;5325;Трамвайно-ремонтный завод;55.75208992;37.67815638;0.0125
4;0;36;5326;"Дом культуры ""Серп и Молот""";55.74899484;37.67572408;0.0125
4;0;37;5327;Музей имени Андрея Рублёва;55.74740161;37.67056031;0.0125
4;0;38;4083;Костомаровский мост;55.74753346;37.66858237;0.0125
4;0;39;6054;Дом культуры Метростроя;55.75116833;37.66537738;0.0125
4;0;40;15357;3-й Сыромятнический переулок;55.75342677;37.66370543;0.0125
4;0;41;8499;Курский вокзал;55.75561588;37.66015268;0.0125
4;1;1;8499;Курский вокзал;55.75561588;37.66015268;0.0125
4;1;2;8500;3-й Сыромятнический переулок;55.75303592;37.66381365;0.0125
4;1;3;13143;Дом культуры Метростроя;55.75139494;37.66501994;0.0125
4;1;4;4023;Костомаровский мост;55.74738145;37.66850777;0.0125
4;1;5;5318;Музей имени Андрея Рублёва;55.74741417;37.67078763;0.0125
4;1;6;5319;"Дом культуры ""Серп и Молот""";55.74867802;37.67586956;0.0125
4;1;7;5320;Трамвайно-ремонтный завод;55.75207558;37.67831401;0.0125
4;1;8;5321;Библиотека имени Грина;55.75560791;37.68222066;0.0125
4;1;9;6062;Красноказарменная площадь;55.75767027;37.68511368;0.0125
4;1;10;6740;Лефортовский мост;55.76118847;37.6866654;0.0125
4;1;11;4161;Лефортовская набережная;55.76292813;37.68256222;0.0125
4;1;12;4162;МГТУ имени Н.Э. Баумана;55.76521016;37.68025952;0.0125
4;1;13;4164;Аптекарский переулок;55.7679783;37.67975659;0.0125
4;1;14;1000865;"Метро ""Бауманская""";55.77201601;37.67884812;0.0125
4;1;15;13382;Басманный двор;55.77521461;37.67800527;0.0125
4;1;16;4192;Поликлиника;55.77717624;37.6733427;0.0125
4;1;17;4168;Ольховская улица;55.77653641;37.67044956;0.0125
4;1;18;10605;"Метро ""Красносельская""";55.77922939;37.66677288;0.0125
4;1;19;6760;Леснорядская улица;55.78173574;37.6707031;0.0125
4;1;20;6157;МЦД Митьково;55.78534016;37.67586004;0.0125
4;1;21;14018;"Метро ""Сокольники""";55.78926192;37.68108697;0.0125
4;1;22;6243;2-й Полевой переулок;55.79049393;37.68168369;0.0125
4;1;23;6246;"ПКиО ""Сокольники""";55.79257493;37.68092823;0.0125
4;1;24;7111;Охотничья улица;55.79569407;37.68302898;0.0125
4;1;25;3662;Улица Короленко;55.79922875;37.68615588;0.0125
4;1;26;7112;Майский просек;55.80277099;37.68880387;0.0125
4;1;27;7113;Большая Оленья улица;55.80546837;37.69184905;0.0125
4;1;28;3663;2-й Ширяевский переулок;55.80849671;37.68830626;0.0125
4;1;29;3664;Большая Ширяевская улица;55.81065824;37.68540604;0.0125
4;1;30;7195;Ростокинский проезд;55.81514063;37.68563378;0.0125
4;1;31;1001713;Богатырский мост;55.8167224;37.68907251;0.0125
4;1;32;6160;Богородский храм;55.81489989;37.69588962;0.0125
4;1;33;3665;Богородское;55.81657268;37.70056572;0.0125
4;1;34;3666;Ланинский переулок;55.81876844;37.70494203;0.0125
4;1;35;3667;Погонный проезд;55.81963163;37.71011632;0.0125
4;1;36;3952;Игральная улица;55.81848072;37.71553261;0.0125
4;1;37;3668;3-й проезд Подбельского;55.81800234;37.72105631;0.0125
4;1;38;3692;5-й проезд Подбельского;55.81698697;37.72597918;0.0125
4;1;39;8605;"Метро ""Бульвар Рокоссовского""";55.81425897;37.73418276;0.0125
5;0;1;22101;"Метро ""Рижская""";55.79273918;37.63413048;0.03125
5;0;2;22632;Улица Гиляровского;55.789966;37.63267531;0.03125
5;0;3;22631;Улица Щепкина;55.78904433;37.6296427;0.03125
5;0;4;22629;Олимпийский проспект;55.78875653;37.62320838;0.03125
5;0;5;22626;Улица Советской Армии;55.78855199;37.61725226;0.03125
5;0;6;1000594;МИИТ;55.78888604;37.61010557;0.03125
5;0;7;6289;Улица Образцова;55.79009323;37.60892124;0.03125
5;0;8;6290;Дворец культуры МИИТ;55.78979413;37.60447266;0.03125
5;0;9;6598;Минаевский переулок;55.7895382;37.60115188;0.03125
5;0;10;10559;Тихвинский переулок;55.78791637;37.60050042;0.03125
5;0;11;16606;Улица Палиха;55.78482452;37.6006964;0.03125
5;0;12;16608;Лесная улица;55.78384494;37.59629689;0.03125
5;0;13;16609;Миусское депо;55.78107394;37.59229699;0.03125
5;0;14;16611;Дом культуры имени Зуева;55.77938614;37.58970088;0.03125
5;0;15;16612;"Метро ""Белорусская""";55.77726964;37.58648288;0.03125
5;0;16;1001795;Белорусский вокзал;55.77634643;37.58343516;0.03125
5;1;1;1001795;Белорусский вокзал;55.77634643;37.58343516;0.03125
5;1;2;16614;"Метро ""Белорусская""";55.77714634;37.58669239;0.03125
5;1;3;1002779;Дом культуры имени Зуева;55.77925154;37.58994928;0.03125
5;1;4;16610;Миусское депо;55.78086451;37.59247197;0.03125
5;1;5;16607;Лесная улица;55.78370364;37.59664108;0.03125
5;1;6;21549;Улица Палиха;55.78579101;37.60160559;0.03125
5;1;7;10560;Тихвинский переулок;55.7875859;37.60090453;0.03125
5;1;8;6294;Минаевский переулок;55.78947323;37.60257556;0.03125
5;1;9;1000596;Дворец культуры МИИТ;55.7896183;37.60493144;0.03125
5;1;10;6295;Улица Образцова;55.78993401;37.60909998;0.03125
5;1;11;22621;МИИТ;55.78904404;37.60980978;0.03125
5;1;12;22627;Улица Советской Армии;55.78844884;37.6160698;0.03125
5;1;13;22628;Олимпийский проспект;55.78866905;37.6217527;0.03125
5;1;14;22630;Улица Щепкина;55.7888373;37.62820185;0.03125
5;1;15;22633;Улица Гиляровского;55.79089476;37.63345573;0.03125
5;1;16;22101;"Метро ""Рижская""";55.79273918;37.63413048;0.03125
6;0;1;471;Братцево;55.85164054;37.4074271;0.017543859649122806
6;0;2;456;Братцево;55.85268104;37.40781855;0.017543859649122806
6;0;3;457;НИИАТ;55.85439425;37.40906549;0.017543859649122806
6;0;4;1024;Улица Вилиса Лациса;55.85577158;37.41090749;0.017543859649122806
6;0;5;1025;Улица Героев Панфиловцев, 33;55.85705966;37.41382842;0.017543859649122806
6;0;6;1026;Университет имени Менделеева;55.85761391;37.41601577;0.017543859649122806
6;0;7;442;Туристская улица;55.85795752;37.41960479;0.017543859649122806
6;0;8;1027;Улица Героев Панфиловцев, 21;55.85818559;37.4262091;0.017543859649122806
6;0;9;443;Планерная улица;55.85779201;37.4311526;0.017543859649122806
6;0;10;1028;Улица Фомичёвой;55.85547088;37.43676375;0.017543859649122806
6;0;11;8729;"Метро ""Сходненская""";55.85189005;37.43879981;0.017543859649122806
6;0;12;444;Нелидовская улица;55.846368;37.43946701;0.017543859649122806
6;0;13;1029;Улица Фабрициуса;55.84277594;37.43879189;0.017543859649122806
6;0;14;445;Западный мост;55.83814828;37.43784849;0.017543859649122806
6;0;15;446;Новопоселковая улица;55.83710975;37.44158514;0.017543859649122806
6;0;16;18168;Восточный мост;55.83605176;37.45340215;0.017543859649122806
6;0;17;1030;Улица Мещерякова;55.8326108;37.45346035;0.017543859649122806
6;0;18;1031;Улица Циолковского;55.82884291;37.45259351;0.017543859649122806
6;0;19;448;Тушинская улица;55.8250825;37.45162159;0.017543859649122806
6;0;20;449;Канал имени Москвы;55.81921573;37.45101912;0.017543859649122806
6;0;21;450;Больница РЖД;55.81688858;37.46006458;0.017543859649122806
6;0;22;8639;Покровское-Глебово;55.81427015;37.46951471;0.017543859649122806
6;0;23;452;Покровское-Стрешнево;55.81064426;37.47489816;0.017543859649122806
6;0;24;1032;Улица Академика Курчатова;55.81035022;37.47657816;0.017543859649122806
6;0;25;453;Пехотная улица;55.81053286;37.48329928;0.017543859649122806
6;0;26;14864;Улица Панфилова;55.80899596;37.49353232;0.017543859649122806
6;0;27;17831;"Университет ""РОСБИОТЕХ""";55.80787893;37.4989788;0.017543859649122806
6;0;28;17833;Гидропроект;55.80679541;37.50463194;0.017543859649122806
6;0;29;17827;"Метро ""Сокол""";55.80578153;37.50857732;0.017543859649122806
6;1;1;17827;"Метро ""Сокол""";55.80578153;37.50857732;0.017543859649122806
6;1;2;17832;Гидропроект;55.80679241;37.50542906;0.017543859649122806
6;1;3;17830;"Университет ""РОСБИОТЕХ""";55.80797177;37.49902646;0.017543859649122806
6;1;4;14865;Улица Панфилова;55.80909901;37.49360758;0.017543859649122806
6;1;5;460;Пехотная улица;55.81068655;37.48287667;0.017543859649122806
6;1;6;1037;Улица Академика Курчатова;55.81049225;37.47657704;0.017543859649122806
6;1;7;451;Покровское-Глебово;55.81466893;37.46849255;0.017543859649122806
6;1;8;372;Больница РЖД;55.81685913;37.46064719;0.017543859649122806
6;1;9;462;Канал имени Москвы;55.81932122;37.45106449;0.017543859649122806
6;1;10;463;Тушинская улица;55.82431894;37.45164585;0.017543859649122806
6;1;11;674;Улица Циолковского;55.82903306;37.45306759;0.017543859649122806
6;1;12;1039;Улица Мещерякова;55.8321671;37.45369285;0.017543859649122806
6;1;13;464;Восточный мост;55.83630464;37.45292522;0.017543859649122806
6;1;14;465;Новопоселковая улица;55.8372167;37.44191282;0.017543859649122806
6;1;15;466;Западный мост;55.83802898;37.43800898;0.017543859649122806
6;1;16;1040;Улица Фабрициуса;55.84220482;37.43886102;0.017543859649122806
6;1;17;467;Нелидовская улица;55.845946;37.43964458;0.017543859649122806
6;1;18;15438;"Метро ""Сходненская""";55.8520082;37.43899303;0.017543859649122806
6;1;19;1041;Улица Фомичёвой;55.85563746;37.43678361;0.017543859649122806
6;1;20;468;Планерная улица;55.85771236;37.43213298;0.017543859649122806
6;1;21;1042;Улица Героев Панфиловцев, 21;55.85830733;37.42676494;0.017543859649122806
6;1;22;469;Туристская улица;55.85816199;37.42046756;0.017543859649122806
6;1;23;1043;Университет имени Менделеева;55.85770274;37.41593988;0.017543859649122806
6;1;24;1044;Улица Героев Панфиловцев, 33;55.85684626;37.41272719;0.017543859649122806
6;1;25;1045;Улица Вилиса Лациса;55.85596004;37.41086848;0.017543859649122806
6;1;26;470;НИИАТ;55.85480987;37.4092385;0.017543859649122806
6;1;27;549;Детская больница;55.85288588;37.40775714;0.017543859649122806
6;1;28;471;Братцево;55.85164054;37.4074271;0.017543859649122806
7;0;1;8605;"Метро ""Бульвар Рокоссовского""";55.81425897;37.73418276;0.011235955056179775
7;0;2;8604;"Метро ""Бульвар Рокоссовского""";55.81522012;37.7329065;0.011235955056179775
7;0;3;3693;5-й проезд Подбельского;55.81686572;37.72699156;0.011235955056179775
7;0;4;3694;3-й проезд Подбельского;55.81835183;37.72173105;0.011235955056179775
7;0;5;3695;Игральная улица;55.81836239;37.71625979;0.011235955056179775
7;0;6;3696;Погонный проезд;55.81977294;37.70979649;0.011235955056179775
7;0;7;3697;Ланинский переулок;55.81903485;37.70534718;0.011235955056179775
7;0;8;3698;Богородское;55.81702234;37.7008883;0.011235955056179775
7;0;9;6162;Богородский храм;55.81492094;37.69562276;0.011235955056179775
7;0;10;3614;Инновационный университет;55.81229936;37.69781074;0.011235955056179775
7;0;11;3615;1-я Прогонная улица;55.80998018;37.70357601;0.011235955056179775
7;0;12;3616;"Телерадиокомпания ""МИР""";55.80717974;37.70608636;0.011235955056179775
7;0;13;3617;Мосгорсуд;55.80466788;37.70709936;0.011235955056179775
7;0;14;3618;Улица Хромова;55.79992558;37.71265136;0.011235955056179775
7;0;15;8630;"Метро ""Преображенская площадь""";55.79762528;37.71451347;0.011235955056179775
7;0;16;6242;Преображенская площадь;55.79524841;37.70927947;0.011235955056179775
7;0;17;3445;Трамвайное депо имени Русакова;55.79456422;37.69947064;0.011235955056179775
7;0;18;6365;Малая Остроумовская улица;55.79319443;37.690769;0.011235955056179775
7;0;19;6366;"Клуб Русакова - Сцена ""Мельников""";55.7915125;37.68653569;0.011235955056179775
7;0;20;1002188;"Метро ""Сокольники""";55.78931715;37.68092463;0.011235955056179775
7;0;21;6164;МЦД Митьково;55.78526693;37.67560718;0.011235955056179775
7;0;22;6165;Леснорядская улица;55.78170137;37.67039099;0.011235955056179775
7;0;23;6166;"Метро ""Красносельская""";55.77971829;37.66659557;0.011235955056179775
7;0;24;13919;"Метро ""Комсомольская""";55.77552831;37.65623168;0.011235955056179775
7;0;25;22638;МЦД Площадь трёх вокзалов;55.77473788;37.65289941;0.011235955056179775
7;0;26;3450;Каланчёвская улица;55.77634369;37.64971228;0.011235955056179775
7;0;27;21551;Пантелеевская улица;55.77951421;37.64543248;0.011235955056179775
7;0;28;7258;Астраханский переулок;55.77974859;37.64162925;0.011235955056179775
7;0;29;13134;Ботанический переулок;55.77997341;37.6391092;0.011235955056179775
7;0;30;4173;"Метро ""Проспект Мира""";55.7804434;37.6345373;0.011235955056179775
7;0;31;16514;"Спорткомплекс ""Олимпийский""";55.7807391;37.63235141;0.011235955056179775
7;0;32;14133;Улица Гиляровского;55.77919093;37.63072917;0.011235955056179775
7;0;33;4174;Улица Щепкина;55.77836559;37.62956519;0.011235955056179775
7;0;34;1002615;Театр зверей имени Дурова;55.7790867;37.62317172;0.011235955056179775
7;0;35;4176;Самотёчная улица;55.77860272;37.61683998;0.011235955056179775
7;0;36;4177;4-й Самотёчный переулок;55.77930654;37.61339067;0.011235955056179775
7;0;37;4178;Селезнёвская улица;55.78053319;37.60917231;0.011235955056179775
7;0;38;4179;Улица Достоевского;55.78262541;37.61100272;0.011235955056179775
7;0;39;22368;Площадь Борьбы;55.78515112;37.60507099;0.011235955056179775
7;0;40;16606;Улица Палиха;55.78482452;37.6006964;0.011235955056179775
7;0;41;16608;Лесная улица;55.78384494;37.59629689;0.011235955056179775
7;0;42;16609;Миусское депо;55.78107394;37.59229699;0.011235955056179775
7;0;43;16611;Дом культуры имени Зуева;55.77938614;37.58970088;0.011235955056179775
7;0;44;16612;"Метро ""Белорусская""";55.77726964;37.58648288;0.011235955056179775
7;0;45;1001795;Белорусский вокзал;55.77634643;37.58343516;0.011235955056179775
7;1;1;1001795;Белорусский вокзал;55.77634643;37.58343516;0.011235955056179775
7;1;2;16614;"Метро ""Белорусская""";55.77714634;37.58669239;0.011235955056179775
7;1;3;1002779;Дом культуры имени Зуева;55.77925154;37.58994928;0.011235955056179775
7;1;4;16610;Миусское депо;55.78086451;37.59247197;0.011235955056179775
7;1;5;16607;Лесная улица;55.78370364;37.59664108;0.011235955056179775
7;1;6;21544;Улица Палиха;55.78514864;37.60259878;0.011235955056179775
7;1;7;1009846;Площадь Борьбы;55.78433889;37.60644146;0.011235955056179775
7;1;8;4181;Улица Достоевского;55.78302671;37.61039943;0.011235955056179775
7;1;9;4182;Селезнёвская улица;55.78114054;37.6091626;0.011235955056179775
7;1;10;13136;4-й Самотёчный переулок;55.77937305;37.61283405;0.011235955056179775
7;1;11;4184;Самотёчная улица;55.77847152;37.6166926;0.011235955056179775
7;1;12;4185;Театр зверей имени Дурова;55.77897066;37.62313801;0.011235955056179775
7;1;13;4186;Улица Щепкина;55.77826007;37.62996712;0.011235955056179775
7;1;14;13137;Улица Гиляровского;55.77922948;37.63100066;0.011235955056179775
7;1;15;16515;"Спорткомплекс ""Олимпийский""";55.78055104;37.63249961;0.011235955056179775
7;1;16;4187;"Метро ""Проспект Мира""";55.78033636;37.63426668;0.011235955056179775
7;1;17;13135;Ботанический переулок;55.77978343;37.63967709;0.011235955056179775
7;1;18;4172;Астраханский переулок;55.77959408;37.64217475;0.011235955056179775
7;1;19;21542;Пантелеевская улица;55.77943766;37.64511275;0.011235955056179775
7;1;20;3422;Каланчёвская улица;55.77587563;37.65008548;0.011235955056179775
7;1;21;22640;МЦД Площадь трёх вокзалов;55.77458851;37.65317522;0.011235955056179775
7;1;22;13920;"Метро ""Комсомольская""";55.77528444;37.65583193;0.011235955056179775
7;1;23;4190;"Метро ""Красносельская""";55.7791991;37.66570764;0.011235955056179775
7;1;24;6760;Леснорядская улица;55.78173574;37.6707031;0.011235955056179775
7;1;25;6157;МЦД Митьково;55.78534016;37.67586004;0.011235955056179775
7;1;26;14018;"Метро ""Сокольники""";55.78926192;37.68108697;0.011235955056179775
7;1;27;3702;"Клуб Русакова - Сцена ""Мельников""";55.79142768;37.68664524;0.011235955056179775
7;1;28;6158;Малая Остроумовская улица;55.7931836;37.69116107;0.011235955056179775
7;1;29;6159;Трамвайное депо имени Русакова;55.79429628;37.69824516;0.011235955056179775
7;1;30;3703;Преображенская площадь;55.79516086;37.70936603;0.011235955056179775
7;1;31;3650;"Метро ""Преображенская площадь""";55.7970052;37.71486676;0.011235955056179775
7;1;32;3651;Улица Хромова;55.80015014;37.71291695;0.011235955056179775
7;1;33;3652;Мосгорсуд;55.80443371;37.70748084;0.011235955056179775
7;1;34;3653;"Телерадиокомпания ""МИР""";55.80682671;37.70662416;0.011235955056179775
7;1;35;3654;1-я Прогонная улица;55.81000988;37.70393402;0.011235955056179775
7;1;36;3655;Инновационный университет;55.81258472;37.69763443;0.011235955056179775
7;1;37;6160;Богородский храм;55.81489989;37.69588962;0.011235955056179775
7;1;38;3665;Богородское;55.81657268;37.70056572;0.011235955056179775
7;1;39;3666;Ланинский переулок;55.81876844;37.70494203;0.011235955056179775
7;1;40;3667;Погонный проезд;55.81963163;37.71011632;0.011235955056179775
7;1;41;3952;Игральная улица;55.81848072;37.71553261;0.011235955056179775
7;1;42;3668;3-й проезд Подбельского;55.81800234;37.72105631;0.011235955056179775
7;1;43;3692;5-й проезд Подбельского;55.81698697;37.72597918;0.011235955056179775
7;1;44;8605;"Метро ""Бульвар Рокоссовского""";55.81425897;37.73418276;0.011235955056179775
10;0;1;1000512;Таллинская улица;55.79938178;37.38790222;0.05
10;0;2;846;Улица Кулакова;55.80006736;37.39195929;0.05
10;0;3;847;Таллинская улица, 6;55.79934728;37.39532661;0.05
10;0;4;848;Школа имени Марины Цветаевой;55.79908412;37.40161143;0.05
10;0;5;15926;"Метро ""Строгино""";55.80192076;37.40817186;0.05
10;0;6;1404;Улица Маршала Катукова;55.80520178;37.41324946;0.05
10;0;7;1403;Улица Исаковского, 33;55.80430718;37.41986396;0.05
10;0;8;15354;Детская поликлиника;55.80551417;37.45330094;0.05
10;0;9;1425;"Метро ""Щукинская""";55.80985731;37.4615311;0.05
10;1;1;1425;"Метро ""Щукинская""";55.80985731;37.4615311;0.05
10;1;2;1426;"Метро ""Щукинская""";55.8102063;37.46125969;0.05
10;1;3;854;Медицинский центр имени Бурназяна;55.8069643;37.4582395;0.05
10;1;4;15355;Детская поликлиника;55.80569873;37.4537933;0.05
10;1;5;1406;Улица Исаковского, 33;55.80439881;37.4201463;0.05
10;1;6;1405;Улица Маршала Катукова;55.80523191;37.41372869;0.05
10;1;7;849;"Метро ""Строгино""";55.80151161;37.40769572;0.05
10;1;8;857;Школа имени Марины Цветаевой;55.7992613;37.40230587;0.05
10;1;9;858;Таллинская улица, 6;55.79938251;37.39577021;0.05
10;1;10;859;Улица Кулакова;55.80003836;37.39254668;0.05
10;1;11;1000512;Таллинская улица;55.79938178;37.38790222;0.05
11;0;1;6152;Усадьба Останкино;55.8227811;37.61705787;0.011764705882352941
11;0;2;6153;Усадьба Останкино;55.82346959;37.61571397;0.011764705882352941
11;0;3;3609;Аргуновская улица;55.82176481;37.62131379;0.011764705882352941
11;0;4;3610;Улица Цандера;55.82175285;37.62821348;0.011764705882352941
11;0;5;3611;ВДНХ (южная);55.82199764;37.63369298;0.011764705882352941
11;0;6;11288;"Метро ""ВДНХ""";55.82398187;37.63883226;0.011764705882352941
11;0;7;10148;ВДНХ (северная);55.82702627;37.64645487;0.011764705882352941
11;0;8;22810;Проспект Мира;55.82629202;37.64880049;0.011764705882352941
11;0;9;1212;Ярославская улица;55.82493055;37.65220128;0.011764705882352941
11;0;10;1213;Улица Бориса Галушкина, 17;55.82284593;37.65842513;0.011764705882352941
11;0;11;1214;Площадь Академика Люльки;55.82155687;37.66259641;0.011764705882352941
11;0;12;1215;Станция Юных натуралистов;55.81920196;37.6705852;0.011764705882352941
11;0;13;1216;Лингвистический университет;55.81729369;37.67884815;0.011764705882352941
11;0;14;7163;Ростокинский проезд;55.81532221;37.68398277;0.011764705882352941
11;0;15;1001713;Богатырский мост;55.8167224;37.68907251;0.011764705882352941
11;0;16;3613;Богородский храм;55.81479706;37.69410236;0.011764705882352941
11;0;17;3614;Инновационный университет;55.81229936;37.69781074;0.011764705882352941
11;0;18;3615;1-я Прогонная улица;55.80998018;37.70357601;0.011764705882352941
11;0;19;3616;"Телерадиокомпания ""МИР""";55.80717974;37.70608636;0.011764705882352941
11;0;20;3617;Мосгорсуд;55.80466788;37.70709936;0.011764705882352941
11;0;21;3618;Улица Хромова;55.79992558;37.71265136;0.011764705882352941
11;0;22;8630;"Метро ""Преображенская площадь""";55.79762528;37.71451347;0.011764705882352941
11;0;23;3850;"Метро ""Преображенская площадь""";55.79464714;37.71434124;0.011764705882352941
11;0;24;22814;Преображенское кладбище;55.79186012;37.71531926;0.011764705882352941
11;0;25;3649;Улица Преображенский Вал;55.78924832;37.71638709;0.011764705882352941
11;0;26;7144;Улица Измайловский Вал;55.78742708;37.716869;0.011764705882352941
11;0;27;3622;"Метро ""Семёновская""";55.78215255;37.72008527;0.011764705882352941
11;0;28;3623;Улица Ибрагимова;55.78258775;37.73112375;0.011764705882352941
11;0;29;3624;Фортунатовская улица;55.78286096;37.73864919;0.011764705882352941
11;0;30;16916;Мост Окружной железной дороги;55.78379333;37.74609084;0.011764705882352941
11;0;31;8844;"Метро ""Партизанская""";55.78654187;37.75022768;0.011764705882352941
11;0;32;3627;Главная аллея;55.7866487;37.76169693;0.011764705882352941
11;0;33;7894;"Галерея ""Измайлово""";55.79007904;37.77092625;0.011764705882352941
11;0;34;3628;Измайловская площадь;55.79207947;37.77820362;0.011764705882352941
11;0;35;3629;3-я Парковая улица;55.79281619;37.78379377;0.011764705882352941
11;0;36;3630;5-я Парковая улица;55.792988;37.78902938;0.011764705882352941
11;0;37;3631;7-я Парковая улица;55.79311915;37.79476118;0.011764705882352941
11;0;38;3632;"Метро ""Первомайская""";55.79317447;37.80028776;0.011764705882352941
11;0;39;4072;"Районный центр ""Первомайский""";55.79327873;37.80625892;0.011764705882352941
11;0;40;3691;13-я Парковая улица;55.79339478;37.81327101;0.011764705882352941
11;0;41;3633;15-я Парковая улица;55.79350052;37.8198454;0.011764705882352941
11;0;42;10463;Восточное Измайлово;55.79448147;37.82268714;0.011764705882352941
11;1;1;10463;Восточное Измайлово;55.79448147;37.82268714;0.011764705882352941
11;1;2;3707;Восточное Измайлово;55.79364821;37.82154062;0.011764705882352941
11;1;3;3636;15-я Парковая улица;55.7935984;37.81852669;0.011764705882352941
11;1;4;3637;13-я Парковая улица;55.79349712;37.8121004;0.011764705882352941
11;1;5;4070;"Районный центр ""Первомайский""";55.79337532;37.80490753;0.011764705882352941
11;1;6;4073;"Метро ""Первомайская""";55.79327072;37.79854007;0.011764705882352941
11;1;7;3638;7-я Парковая улица;55.79321952;37.79330963;0.011764705882352941
11;1;8;3639;5-я Парковая улица;55.79308626;37.78740798;0.011764705882352941
11;1;9;3640;3-я Парковая улица;55.7927587;37.78212551;0.011764705882352941
11;1;10;6257;Измайловская площадь;55.79145605;37.77504648;0.011764705882352941
11;1;11;7896;"Галерея ""Измайлово""";55.79019455;37.7708356;0.011764705882352941
11;1;12;7897;Главная аллея;55.78678655;37.76108428;0.011764705882352941
11;1;13;8843;"Метро ""Партизанская""";55.78665204;37.75092424;0.011764705882352941
11;1;14;16917;Мост Окружной железной дороги;55.78365525;37.74594301;0.011764705882352941
11;1;15;3644;Фортунатовская улица;55.78309315;37.73908137;0.011764705882352941
11;1;16;3645;Улица Ибрагимова;55.78269035;37.73005338;0.011764705882352941
11;1;17;3646;"Метро ""Семёновская""";55.78238945;37.72186995;0.011764705882352941
11;1;18;22812;"Метро ""Семёновская""";55.78259463;37.71879049;0.011764705882352941
11;1;19;3648;Улица Измайловский Вал;55.78746136;37.717206;0.011764705882352941
11;1;20;22817;Улица Преображенский Вал;55.78927165;37.7167225;0.011764705882352941
11;1;21;5854;Преображенское кладбище;55.79196763;37.71557242;0.011764705882352941
11;1;22;8595;"Метро ""Преображенская площадь""";55.79467081;37.71483784;0.011764705882352941
11;1;23;3650;"Метро ""Преображенская площадь""";55.7970052;37.71486676;0.011764705882352941
11;1;24;3651;Улица Хромова;55.80015014;37.71291695;0.011764705882352941
11;1;25;3652;Мосгорсуд;55.80443371;37.70748084;0.011764705882352941
11;1;26;3653;"Телерадиокомпания ""МИР""";55.80682671;37.70662416;0.011764705882352941
11;1;27;3654;1-я Прогонная улица;55.81000988;37.70393402;0.011764705882352941
11;1;28;3655;Инновационный университет;55.81258472;37.69763443;0.011764705882352941
11;1;29;4531;Богородский храм;55.81493563;37.69426254;0.011764705882352941
11;1;30;3656;Богатырский мост;55.81701221;37.68872806;0.011764705882352941
11;1;31;7120;Ростокинский проезд;55.81570202;37.68489199;0.011764705882352941
11;1;32;1233;Лингвистический университет;55.81738739;37.6789477;0.011764705882352941
11;1;33;21896;Станция Юных натуралистов;55.81930408;37.67074453;0.011764705882352941
11;1;34;1235;Площадь Академика Люльки;55.8216512;37.66268397;0.011764705882352941
11;1;35;7164;Улица Бориса Галушкина, 17;55.82292335;37.65853611;0.011764705882352941
11;1;36;7165;Ярославская улица;55.82497515;37.6524134;0.011764705882352941
11;1;37;1238;Проспект Мира;55.82637175;37.64888199;0.011764705882352941
11;1;38;10149;ВДНХ (северная);55.82728059;37.64595709;0.011764705882352941
11;1;39;10150;"Метро ""ВДНХ""";55.82395384;37.63855518;0.011764705882352941
11;1;40;3657;ВДНХ (южная);55.82214444;37.6339465;0.011764705882352941
11;1;41;3658;Улица Цандера;55.8218625;37.62890637;0.011764705882352941
11;1;42;3659;Аргуновская улица;55.82192054;37.62187219;0.011764705882352941
11;1;43;6152;Усадьба Останкино;55.8227811;37.61705787;0.011764705882352941
12;0;1;10463;Восточное Измайлово;55.79448147;37.82268714;0.010309278350515464
12;0;2;3707;Восточное Измайлово;55.79364821;37.82154062;0.010309278350515464
12;0;3;3636;15-я Парковая улица;55.7935984;37.81852669;0.010309278350515464
12;0;4;3637;13-я Парковая улица;55.79349712;37.8121004;0.010309278350515464
12;0;5;4070;"Районный центр ""Первомайский""";55.79337532;37.80490753;0.010309278350515464
12;0;6;4073;"Метро ""Первомайская""";55.79327072;37.79854007;0.010309278350515464
12;0;7;3638;7-я Парковая улица;55.79321952;37.79330963;0.010309278350515464
12;0;8;3639;5-я Парковая улица;55.79308626;37.78740798;0.010309278350515464
12;0;9;3640;3-я Парковая улица;55.7927587;37.78212551;0.010309278350515464
12;0;10;6257;Измайловская площадь;55.79145605;37.77504648;0.010309278350515464
12;0;11;7896;"Галерея ""Измайлово""";55.79019455;37.7708356;0.010309278350515464
12;0;12;7897;Главная аллея;55.78678655;37.76108428;0.010309278350515464
12;0;13;8843;"Метро ""Партизанская""";55.78665204;37.75092424;0.010309278350515464
12;0;14;16917;Мост Окружной железной дороги;55.78365525;37.74594301;0.010309278350515464
12;0;15;3644;Фортунатовская улица;55.78309315;37.73908137;0.010309278350515464
12;0;16;3645;Улица Ибрагимова;55.78269035;37.73005338;0.010309278350515464
12;0;17;3646;"Метро ""Семёновская""";55.78238945;37.72186995;0.010309278350515464
12;0;18;21450;"Метро ""Семёновская""";55.78165116;37.71850165;0.010309278350515464
12;0;19;4659;Кирпичная улица;55.77756426;37.72132116;0.010309278350515464
12;0;20;22816;Вольная улица;55.77530992;37.72335535;0.010309278350515464
12;0;21;4074;10-я улица Соколиной Горы;55.77217249;37.72620637;0.010309278350515464
12;0;22;3927;9-я улица Соколиной Горы;55.76985337;37.72829742;0.010309278350515464
12;0;23;4657;8-я улица Соколиной Горы;55.76801258;37.72997799;0.010309278350515464
12;0;24;10406;Проспект Будённого, 24;55.76537644;37.73237164;0.010309278350515464
12;0;25;4661;5-я улица Соколиной Горы;55.76250165;37.73501869;0.010309278350515464
12;0;26;16114;3-я улица Соколиной Горы;55.76037197;37.73699846;0.010309278350515464
12;0;27;3941;Гаражная улица;55.75726262;37.73982687;0.010309278350515464
12;0;28;6090;Улица Буракова;55.75561843;37.73695626;0.010309278350515464
12;0;29;6264;"Дом культуры ""Компрессор""";55.75309599;37.72392332;0.010309278350515464
12;0;30;1009094;"Метро ""Авиамоторная""";55.75246234;37.72077085;0.010309278350515464
12;0;31;14572;"Метро ""Авиамоторная""";55.75147797;37.71547704;0.010309278350515464
12;0;32;22095;Горбатый путепровод;55.75019468;37.70916248;0.010309278350515464
12;0;33;6009;Душинская улица;55.74863737;37.70119769;0.010309278350515464
12;0;34;15496;Старообрядческая улица;55.74786714;37.69482339;0.010309278350515464
12;0;35;7606;МЦД Москва-Товарная;55.74743741;37.68921718;0.010309278350515464
12;0;36;14922;"Метро ""Площадь Ильича""";55.74687906;37.68165749;0.010309278350515464
12;0;37;6011;Библиотечная улица;55.74524225;37.67860398;0.010309278350515464
12;0;38;6012;Новорогожская улица;55.74318985;37.67672405;0.010309278350515464
12;0;39;6013;Малая Андроньевская улица;55.74057473;37.67422608;0.010309278350515464
12;0;40;22949;Абельмановская Застава;55.73798843;37.67244582;0.010309278350515464
12;0;41;6014;"Кинотеатр ""Победа""";55.73521976;37.67026601;0.010309278350515464
12;0;42;6023;"Метро ""Пролетарская""";55.73133132;37.6634618;0.010309278350515464
12;0;43;8610;Динамовская улица;55.72975115;37.66152474;0.010309278350515464
12;0;44;8611;Арбатецкая улица;55.72684475;37.66331442;0.010309278350515464
12;0;45;1000509;Шарикоподшипниковская улица;55.72424032;37.66395416;0.010309278350515464
12;0;46;6016;ЦНИИТМАШ;55.72188493;37.66849532;0.010309278350515464
12;0;47;6020;Новоостаповская улица;55.72083739;37.67388165;0.010309278350515464
12;0;48;5387;"Метро ""Дубровка""";55.71818243;37.6760721;0.010309278350515464
12;0;49;10737;МЦК Дубровка;55.71537983;37.67823797;0.010309278350515464
12;0;50;8439;МЦК Дубровка;55.71421404;37.67850074;0.010309278350515464
12;1;1;8439;МЦК Дубровка;55.71421404;37.67850074;0.010309278350515464
12;1;2;8098;МЦК Дубровка;55.71521257;37.67853812;0.010309278350515464
12;1;3;6019;"Метро ""Дубровка""";55.71787208;37.67652303;0.010309278350515464
12;1;4;6017;Новоостаповская улица;55.72044752;37.6746132;0.010309278350515464
12;1;5;6021;ЦНИИТМАШ;55.72198839;37.66913948;0.010309278350515464
12;1;6;3788;Шарикоподшипниковская улица;55.72367835;37.66417052;0.010309278350515464
12;1;7;8612;Арбатецкая улица;55.72674768;37.66354269;0.010309278350515464
12;1;8;8613;Динамовская улица;55.73006156;37.66156425;0.010309278350515464
12;1;9;7193;"Метро ""Пролетарская""";55.73134335;37.66409171;0.010309278350515464
12;1;10;6024;"Кинотеатр ""Победа""";55.73487675;37.67037214;0.010309278350515464
12;1;11;6025;Абельмановская Застава;55.73794835;37.67259894;0.010309278350515464
12;1;12;6026;Новорогожская улица;55.74348693;37.67741908;0.010309278350515464
12;1;13;6027;Библиотечная улица;55.74522631;37.67909484;0.010309278350515464
12;1;14;8459;"Метро ""Площадь Ильича""";55.74677458;37.68172587;0.010309278350515464
12;1;15;7605;МЦД Москва-Товарная;55.7473783;37.68947773;0.010309278350515464
12;1;16;15495;Старообрядческая улица;55.74765675;37.69341695;0.010309278350515464
12;1;17;6029;Душинская улица;55.74870511;37.7020464;0.010309278350515464
12;1;18;22096;Горбатый путепровод;55.74993524;37.70844553;0.010309278350515464
12;1;19;5342;"Метро ""Авиамоторная""";55.75150237;37.7161645;0.010309278350515464
12;1;20;1009095;"Метро ""Авиамоторная""";55.75236271;37.72082716;0.010309278350515464
12;1;21;6266;"Дом культуры ""Компрессор""";55.75291464;37.72378877;0.010309278350515464
12;1;22;6087;Улица Буракова;55.75545612;37.73668507;0.010309278350515464
12;1;23;3930;Гаражная улица;55.75737659;37.73988521;0.010309278350515464
12;1;24;7143;3-я улица Соколиной Горы;55.76110903;37.73645468;0.010309278350515464
12;1;25;3863;5-я улица Соколиной Горы;55.76358271;37.73419408;0.010309278350515464
12;1;26;10702;Проспект Будённого, 24;55.76541912;37.73250897;0.010309278350515464
12;1;27;4660;8-я улица Соколиной Горы;55.76798773;37.73015084;0.010309278350515464
12;1;28;3943;9-я улица Соколиной Горы;55.77063947;37.72774494;0.010309278350515464
12;1;29;4069;10-я улица Соколиной Горы;55.7727669;37.7258268;0.010309278350515464
12;1;30;22815;Вольная улица;55.77534646;37.7234992;0.010309278350515464
12;1;31;4658;Кирпичная улица;55.77764821;37.72136516;0.010309278350515464
12;1;32;3622;"Метро ""Семёновская""";55.78215255;37.72008527;0.010309278350515464
12;1;33;3623;Улица Ибрагимова;55.78258775;37.73112375;0.010309278350515464
12;1;34;3624;Фортунатовская улица;55.78286096;37.73864919;0.010309278350515464
12;1;35;16916;Мост Окружной железной дороги;55.78379333;37.74609084;0.010309278350515464
12;1;36;8844;"Метро ""Партизанская""";55.78654187;37.75022768;0.010309278350515464
12;1;37;3627;Главная аллея;55.7866487;37.76169693;0.010309278350515464
12;1;38;7894;"Галерея ""Измайлово""";55.79007904;37.77092625;0.010309278350515464
12;1;39;3628;Измайловская площадь;55.79207947;37.77820362;0.010309278350515464
12;1;40;3629;3-я Парковая улица;55.79281619;37.78379377;0.010309278350515464
12;1;41;3630;5-я Парковая улица;55.792988;37.78902938;0.010309278350515464
12;1;42;3631;7-я Парковая улица;55.79311915;37.79476118;0.010309278350515464
12;1;43;3632;"Метро ""Первомайская""";55.79317447;37.80028776;0.010309278350515464
12;1;44;4072;"Районный центр ""Первомайский""";55.79327873;37.80625892;0.010309278350515464
12;1;45;3691;13-я Парковая улица;55.79339478;37.81327101;0.010309278350515464
12;1;46;3633;15-я Парковая улица;55.79350052;37.8198454;0.010309278350515464
12;1;47;10463;Восточное Измайлово;55.79448147;37.82268714;0.010309278350515464
